total_steps,episode,episode_time,win,turns,opp_fainted,my_fainted,repeated,is_repeating,repetition_count,episode_steps,episode_reward,greedy_action_entropy,greedy_action_max_prob,greedy_action_probs,greedy_action_entropy_normalised,greedy_action_margin_mean,greedy_action_margin_std,q_action_std_mean,td_error_mean,td_error_std,td_error_abs_mean,q_value_mean,q_value_max,q_value_std,q_value_next_mean,q_value_next_max,q_value_next_std,q_all_mean,q_all_std,q_all_min,q_all_max,q_all_abs_mean,q_action_range_mean,q_per_action_mean,q_per_action_std,q_target_mean,q_target_max,q_target_std,reward_mean,reward_std,reward_zero_fraction,reward_positive_fraction,reward_negative_fraction,terminal_fraction,loss,epsilon
190997,1,2.877455711364746,False,15,3,6,0,False,0,23,-1.2170000076293945,1.2626250982284546,0.4375,"[0.25, 0.4375, 0.09375, 0.21875]",0.9107914566993713,0.01695256307721138,0.0130241010338068,0.016346357762813568,-0.021890394389629364,0.29068076610565186,0.09498920291662216,0.49008065462112427,0.6447043418884277,0.04853023961186409,0.5177482962608337,0.7780994176864624,0.06976006925106049,0.4846976399421692,0.04961956664919853,0.29555296897888184,0.6447043418884277,0.4846976399421692,0.042567841708660126,"[0.48761290311813354, 0.49204719066619873, 0.4811011552810669, 0.4780292510986328]","[0.04801594093441963, 0.04310738295316696, 0.05137928947806358, 0.05620747059583664]",0.4681902527809143,0.7703184485435486,0.28538814187049866,-0.02976151369512081,0.18592660129070282,0.28125,0.375,0.34375,0.03125,0.0823340117931366,0.001
191022,2,3.4077141284942627,True,16,6,5,0,False,0,25,1.054243564605713,1.2371208667755127,0.4375,"[0.4375, 0.3125, 0.09375, 0.15625]",0.8923940658569336,0.011586063541471958,0.012603209353983402,0.01335475966334343,0.005655374377965927,0.04075902700424194,0.03226541355252266,0.470655620098114,0.5588874220848083,0.036859672516584396,0.48156577348709106,0.610560417175293,0.048880066722631454,0.46434131264686584,0.04721985012292862,0.1590409278869629,0.5718796253204346,0.46434131264686584,0.0338677316904068,"[0.470356822013855, 0.4632328152656555, 0.4612119495868683, 0.4625638723373413]","[0.042537156492471695, 0.0663100853562355, 0.03569088131189346, 0.040029581636190414]",0.47631096839904785,0.5945111513137817,0.05518008768558502,-0.00043910558451898396,0.02756553702056408,0.28125,0.40625,0.3125,0.0,0.0016413661651313305,0.001
191061,3,6.087295055389404,True,29,6,5,0,False,0,39,1.0999999046325684,1.2405372858047485,0.5,"[0.1875, 0.15625, 0.5, 0.15625]",0.8948584794998169,0.013983745127916336,0.012063183821737766,0.023414934054017067,0.0074273403733968735,0.05072420462965965,0.0410211980342865,0.4929259419441223,0.6064790487289429,0.039506010711193085,0.5055621862411499,0.6171243190765381,0.044340524822473526,0.48225221037864685,0.08605951070785522,-0.3546634912490845,0.6171243190765381,0.48779383301734924,0.05861174315214157,"[0.4673995077610016, 0.47916656732559204, 0.4928419589996338, 0.4896010160446167]","[0.1569061577320099, 0.04569739103317261, 0.03879658505320549, 0.04146887734532356]",0.5003532767295837,0.6105562448501587,0.053472038358449936,-0.0001532764290459454,0.025298457592725754,0.34375,0.34375,0.3125,0.0,0.002547705778852105,0.001
191086,4,2.9847536087036133,False,17,6,6,0,False,0,25,-1.0,1.3303427696228027,0.34375,"[0.34375, 0.125, 0.28125, 0.25]",0.9596394300460815,0.016468890011310577,0.016707759350538254,0.030223509296774864,0.008570532314479351,0.03621843084692955,0.0289982408285141,0.47941336035728455,0.5438964366912842,0.03976553678512573,0.4933118522167206,0.5773509740829468,0.03775510936975479,0.46643468737602234,0.0768219381570816,-0.05028119683265686,0.5827513933181763,0.46722033619880676,0.07600399851799011,"[0.4720275402069092, 0.4391697347164154, 0.4798143804073334, 0.47472721338272095]","[0.07583607733249664, 0.1170421913266182, 0.04469665139913559, 0.04091900587081909]",0.4879838824272156,0.5613647103309631,0.04337747395038605,-0.0003948634839616716,0.020011326298117638,0.15625,0.34375,0.5,0.0,0.00134423584677279,0.001
191108,5,2.565621852874756,True,15,6,3,0,False,0,22,1.2999999523162842,1.2517155408859253,0.46875,"[0.46875, 0.15625, 0.125, 0.25]",0.9029219150543213,0.01355467364192009,0.013736293651163578,0.013533699326217175,-0.05592639744281769,0.2568109333515167,0.08245083689689636,0.49821144342422485,0.6454699635505676,0.050246454775333405,0.4937947392463684,0.6255985498428345,0.04071948304772377,0.48817044496536255,0.04705232009291649,0.3995354175567627,0.6528482437133789,0.48817044496536255,0.03500859811902046,"[0.494296669960022, 0.48489147424697876, 0.48661527037620544, 0.48687833547592163]","[0.049825519323349, 0.04186445474624634, 0.052597034722566605, 0.0448799692094326]",0.44228506088256836,0.6158542037010193,0.27170777320861816,-0.033283721655607224,0.1839631050825119,0.25,0.375,0.375,0.03125,0.06701863557100296,0.001
191155,6,8.38366436958313,True,39,6,3,0,False,0,47,1.2666666507720947,1.0173490047454834,0.5625,"[0.5625, 0.03125, 0.09375, 0.3125]",0.7338621616363525,0.012452211230993271,0.016551855951547623,0.013604110106825829,0.018683943897485733,0.04555416479706764,0.03862650692462921,0.49400240182876587,0.7195854783058167,0.05712162330746651,0.5117574334144592,0.7199170589447021,0.06087498366832733,0.4885205030441284,0.051749590784311295,0.3893547058105469,0.7269651889801025,0.4885205030441284,0.03452567011117935,"[0.4900607466697693, 0.4878113269805908, 0.47962114214897156, 0.4965887665748596]","[0.04489604011178017, 0.052739180624485016, 0.055785488337278366, 0.05394654721021652]",0.5126862525939941,0.7127178907394409,0.06356313824653625,0.0060464367270469666,0.019798092544078827,0.375,0.40625,0.21875,0.0,0.0023594223894178867,0.001
191176,7,2.7273311614990234,True,13,6,3,0,False,0,21,1.2097561359405518,1.2405372858047485,0.5,"[0.5, 0.1875, 0.15625, 0.15625]",0.8948584794998169,0.018606947734951973,0.02436687983572483,0.021519405767321587,0.02874685451388359,0.12968671321868896,0.06628527492284775,0.5078460574150085,0.6486814022064209,0.06090904399752617,0.5017348527908325,0.6186788082122803,0.05056120082736015,0.49273955821990967,0.05855248495936394,0.25244003534317017,0.6486814022064209,0.49273955821990967,0.05679066479206085,"[0.5075664520263672, 0.4763484299182892, 0.4917603135108948, 0.4952830672264099]","[0.057459425181150436, 0.06865213066339493, 0.054369885474443436, 0.05062249302864075]",0.536592960357666,1.100000023841858,0.1538458913564682,0.0758276954293251,0.2648566663265228,0.3125,0.4375,0.25,0.0625,0.01711944118142128,0.001
191205,8,4.049941301345825,False,21,3,6,0,False,0,29,-1.2999999523162842,1.3049101829528809,0.40625,"[0.25, 0.21875, 0.40625, 0.125]",0.9412937164306641,0.015334592200815678,0.017702387645840645,0.012931916862726212,0.0035538403317332268,0.04384811222553253,0.03419150412082672,0.48630890250205994,0.6075453758239746,0.040754251182079315,0.49061694741249084,0.5460734367370605,0.03543155640363693,0.4826412796974182,0.041162602603435516,0.3888065218925476,0.6075453758239746,0.4826412796974182,0.03290953114628792,"[0.4859595000743866, 0.480416476726532, 0.4831025004386902, 0.4810866713523865]","[0.04512929171323776, 0.03858888894319534, 0.03707196190953255, 0.044968150556087494]",0.4898627698421478,0.5820591449737549,0.03862101212143898,0.004151962697505951,0.02533840388059616,0.4375,0.40625,0.15625,0.0,0.0018752035684883595,0.001
191231,9,3.618049144744873,True,17,6,4,0,False,0,26,1.1903225183486938,1.119437575340271,0.5625,"[0.21875, 0.0625, 0.5625, 0.15625]",0.8075035214424133,0.01783984899520874,0.015566602349281311,0.01560442429035902,0.029629260301589966,0.10382584482431412,0.05147085711359978,0.49459877610206604,0.5802617073059082,0.03897427022457123,0.5057677030563354,0.5917298197746277,0.04551571235060692,0.48526498675346375,0.040558625012636185,0.3713131844997406,0.6227384805679321,0.48526498675346375,0.04029267281293869,"[0.4906802773475647, 0.48316773772239685, 0.48884713649749756, 0.47836482524871826]","[0.04419628903269768, 0.03584110736846924, 0.041214942932128906, 0.0412968248128891]",0.5242280960083008,0.9940735101699829,0.1003955528140068,0.03741397708654404,0.1760215163230896,0.3125,0.5,0.1875,0.03125,0.011320831254124641,0.001
191261,10,3.633244037628174,False,18,3,6,0,False,0,30,-1.2660000324249268,1.286525845527649,0.4375,"[0.125, 0.21875, 0.4375, 0.21875]",0.9280322194099426,0.01319881621748209,0.01688580960035324,0.014955618418753147,0.053970977663993835,0.14011333882808685,0.06605098396539688,0.4846293330192566,0.6122641563415527,0.04145810008049011,0.4993593990802765,0.6306962966918945,0.04572266712784767,0.4740319550037384,0.038419030606746674,0.3169434368610382,0.6122641563415527,0.4740319550037384,0.039098113775253296,"[0.4786262512207031, 0.4704694151878357, 0.4701845049858093, 0.47684773802757263]","[0.030844654887914658, 0.04897391051054001, 0.03334803879261017, 0.039072319865226746]",0.5386003255844116,1.0811688899993896,0.15002873539924622,0.07368706166744232,0.2598312795162201,0.40625,0.40625,0.1875,0.0625,0.0219311211258173,0.001
191284,11,3.1165101528167725,True,15,6,3,0,False,0,23,1.2999999523162842,1.261427879333496,0.46875,"[0.125, 0.1875, 0.46875, 0.21875]",0.9099278450012207,0.010626528412103653,0.011770305223762989,0.014510517939925194,-0.036759573966264725,0.27939799427986145,0.08947035670280457,0.4855327904224396,0.5793630480766296,0.03337334841489792,0.49556201696395874,0.5527048110961914,0.03471188619732857,0.4779430031776428,0.03564932942390442,0.39998045563697815,0.5793630480766296,0.4779430031776428,0.03582891821861267,"[0.4773586392402649, 0.48000645637512207, 0.47551780939102173, 0.4788891077041626]","[0.0384649895131588, 0.030812129378318787, 0.03506825119256973, 0.0391920804977417]",0.44877326488494873,0.5954850912094116,0.2837362289428711,-0.026375412940979004,0.1946018785238266,0.3125,0.5,0.1875,0.03125,0.0769750252366066,0.001
191325,12,6.447999477386475,True,35,6,1,0,False,0,41,1.4999998807907104,1.0676833391189575,0.46875,"[0.0625, 0.0625, 0.46875, 0.40625]",0.7701707482337952,0.014503753744065762,0.014694114215672016,0.02016851305961609,-0.03492246940732002,0.2858203947544098,0.09917500615119934,0.48748233914375305,0.6089470386505127,0.04259757325053215,0.49203288555145264,0.6061580777168274,0.043579354882240295,0.4744729697704315,0.04556233808398247,0.27750882506370544,0.6089470386505127,0.4744729697704315,0.051541123539209366,"[0.46401500701904297, 0.4594232439994812, 0.48917853832244873, 0.4852750301361084]","[0.051960911601781845, 0.03579514101147652, 0.0495833083987236, 0.037074144929647446]",0.45255985856056213,1.0130000114440918,0.29030922055244446,-0.005141136702150106,0.25998109579086304,0.34375,0.3125,0.34375,0.0625,0.08035997301340103,0.001
191361,13,5.441813230514526,True,26,6,5,0,False,0,36,1.0724408626556396,1.199874997138977,0.53125,"[0.125, 0.1875, 0.53125, 0.15625]",0.8655268549919128,0.015147563070058823,0.014357516542077065,0.015541238710284233,-0.02781844325363636,0.26928985118865967,0.09087521582841873,0.4750174880027771,0.6133253574371338,0.04966879263520241,0.5017807483673096,0.7194058895111084,0.0654633641242981,0.4731857180595398,0.04305019974708557,0.3877852261066437,0.6133253574371338,0.4731857180595398,0.04049935191869736,"[0.46998775005340576, 0.4678749442100525, 0.4785502552986145, 0.4763299226760864]","[0.046402473002672195, 0.04243864491581917, 0.042338211089372635, 0.042027343064546585]",0.4471990168094635,0.7122118473052979,0.27904075384140015,-0.03597547858953476,0.18374498188495636,0.25,0.34375,0.40625,0.03125,0.07102473825216293,0.001
191392,14,4.502274036407471,True,22,6,4,0,False,0,31,1.1613832712173462,0.8328227996826172,0.71875,"[0.0625, 0.71875, 0.03125, 0.1875]",0.6007546782493591,0.014986345544457436,0.019916998222470284,0.014870863407850266,0.018401898443698883,0.05098877102136612,0.04277166351675987,0.4782058000564575,0.5646184682846069,0.032407063990831375,0.49475252628326416,0.6087558269500732,0.04572581872344017,0.4677731394767761,0.034287404268980026,0.3748091459274292,0.5646184682846069,0.4677731394767761,0.03913893550634384,"[0.4612495005130768, 0.47656792402267456, 0.46136754751205444, 0.471907377243042]","[0.03549211472272873, 0.03507938235998154, 0.030230220407247543, 0.035048291087150574]",0.4966076612472534,0.602668285369873,0.0551728680729866,0.006802673451602459,0.030591309070587158,0.375,0.34375,0.28125,0.0,0.0028572394512593746,0.001
191428,15,5.0200035572052,True,24,6,5,0,False,0,36,1.072037935256958,0.7343806624412537,0.78125,"[0.03125, 0.78125, 0.0625, 0.125]",0.5297436714172363,0.01729636639356613,0.04324774071574211,0.026625532656908035,0.011409187689423561,0.0508682020008564,0.03923681378364563,0.48809894919395447,0.5551654696464539,0.03380240127444267,0.5073570609092712,0.6366899013519287,0.04710661619901657,0.4720379710197449,0.11271501332521439,-0.6628506183624268,0.5568714737892151,0.4823949933052063,0.06905458867549896,"[0.45062220096588135, 0.4894897937774658, 0.46385878324508667, 0.48418113589286804]","[0.20596502721309662, 0.06084447354078293, 0.062487248331308365, 0.03179287910461426]",0.4995081424713135,0.6423230171203613,0.0476459339261055,-0.0027753247413784266,0.020814480260014534,0.46875,0.25,0.28125,0.0,0.002636881545186043,0.001
191443,16,1.5294885635375977,True,9,6,1,0,False,0,15,1.4803773164749146,0.9810398817062378,0.46875,"[0.0, 0.125, 0.46875, 0.40625]",0.7076706886291504,0.014563445001840591,0.014128548093140125,0.016529962420463562,-0.03156751021742821,0.2553863525390625,0.07564403116703033,0.483169287443161,0.621423602104187,0.049843549728393555,0.49857285618782043,0.614560067653656,0.04259156063199043,0.481154203414917,0.049604374915361404,0.35732302069664,0.6693053245544434,0.481154203414917,0.042939722537994385,"[0.47015321254730225, 0.4791937470436096, 0.4870624840259552, 0.48820748925209045]","[0.05149069055914879, 0.05164003372192383, 0.04869435355067253, 0.04663790017366409]",0.4516017735004425,0.6247221827507019,0.26500511169433594,-0.028142938390374184,0.17488232254981995,0.25,0.28125,0.46875,0.03125,0.06418050080537796,0.001
191469,17,3.5000648498535156,True,17,6,4,0,False,0,26,1.1023136377334595,0.9162607192993164,0.625,"[0.0, 0.625, 0.21875, 0.15625]",0.6609423756599426,0.014611116610467434,0.019639676436781883,0.016819961369037628,0.009497493505477905,0.05909086391329765,0.047738973051309586,0.47895577549934387,0.5859622359275818,0.04396194592118263,0.49340879917144775,0.5757263898849487,0.030009256675839424,0.47105565667152405,0.04090014472603798,0.36651718616485596,0.5859622359275818,0.47105565667152405,0.0438692606985569,"[0.45182889699935913, 0.48286765813827515, 0.4695056080818176, 0.48002058267593384]","[0.03972584754228592, 0.03651566058397293, 0.041177328675985336, 0.040435176342725754]",0.4884532690048218,0.5929479598999023,0.03913818672299385,-2.1487794583663344e-05,0.028011012822389603,0.375,0.28125,0.34375,0.0,0.0034728164318948984,0.001
191508,18,6.485804080963135,True,30,6,4,0,False,0,39,1.1092251539230347,1.199874997138977,0.53125,"[0.125, 0.1875, 0.15625, 0.53125]",0.8655268549919128,0.010800118558108807,0.013196195475757122,0.013988977298140526,0.030479609966278076,0.10730724781751633,0.05195578560233116,0.47304266691207886,0.6274933218955994,0.05566002056002617,0.48790594935417175,0.6517636775970459,0.045437946915626526,0.4720328748226166,0.04982603341341019,0.3867998421192169,0.6274933218955994,0.4720328748226166,0.034665241837501526,"[0.46429431438446045, 0.4711095690727234, 0.4708022475242615, 0.48192527890205383]","[0.04628586769104004, 0.05090661719441414, 0.052989643067121506, 0.0496361143887043]",0.5035222768783569,1.0199999809265137,0.10675600171089172,0.034477002918720245,0.1819729208946228,0.28125,0.3125,0.40625,0.03125,0.012084011919796467,0.001
191533,19,3.3241875171661377,False,15,2,6,0,False,0,25,-1.3539999723434448,1.0103036165237427,0.65625,"[0.09375, 0.09375, 0.65625, 0.15625]",0.7287800312042236,0.013366644270718098,0.01704154536128044,0.014953038655221462,-0.013274329714477062,0.2791791558265686,0.09644729644060135,0.48278331756591797,0.5876458287239075,0.04139041528105736,0.498922735452652,0.6063361763954163,0.03843242675065994,0.4792880415916443,0.04024570807814598,0.2388056218624115,0.5876458287239075,0.4792880415916443,0.03882194310426712,"[0.47521650791168213, 0.4751855731010437, 0.48298341035842896, 0.48376667499542236]","[0.036168020218610764, 0.03285345807671547, 0.05674035847187042, 0.03097393549978733]",0.46950897574424744,0.957111120223999,0.2803066670894623,0.005125801544636488,0.2477540224790573,0.4375,0.40625,0.15625,0.0625,0.07568155229091644,0.001
191575,20,6.901624441146851,True,32,6,5,0,False,0,42,1.0067307949066162,1.1803045272827148,0.5,"[0.0625, 0.5, 0.25, 0.1875]",0.8514097332954407,0.011090590618550777,0.014020638540387154,0.014803633093833923,0.029881145805120468,0.10943714529275894,0.05034904181957245,0.4717603623867035,0.530149519443512,0.029557999223470688,0.4903794229030609,0.5653692483901978,0.033587776124477386,0.4678765833377838,0.03777182102203369,0.2632352411746979,0.5531792044639587,0.4678765833377838,0.03833754360675812,"[0.46634769439697266, 0.4679752290248871, 0.4638623297214508, 0.4733210504055023]","[0.03538162633776665, 0.033086780458688736, 0.048051636666059494, 0.0337594598531723]",0.5016415119171143,1.0464040040969849,0.11063988506793976,0.030852055177092552,0.18791629374027252,0.28125,0.28125,0.4375,0.03125,0.012495107017457485,0.001
191603,21,3.6181421279907227,True,21,6,3,0,False,0,28,1.2999999523162842,1.0751988887786865,0.59375,"[0.0625, 0.59375, 0.125, 0.21875]",0.775592029094696,0.016087181866168976,0.016462812200188637,0.022354120388627052,0.01553770899772644,0.04236534982919693,0.03502195328474045,0.4945213198661804,0.6207716464996338,0.048893917351961136,0.5061330795288086,0.604966938495636,0.04045385122299194,0.4816058278083801,0.058281973004341125,0.12074118852615356,0.6370894312858582,0.4816058278083801,0.05788625404238701,"[0.4770999550819397, 0.48512768745422363, 0.4733772873878479, 0.4908183813095093]","[0.04693956673145294, 0.0837026983499527, 0.04553472250699997, 0.049413926899433136]",0.5100589990615845,0.6020751595497131,0.047448355704545975,0.008987272158265114,0.03087269328534603,0.3125,0.40625,0.28125,0.0,0.0019801550079137087,0.001
191648,22,8.098238229751587,False,37,3,6,0,False,0,45,-1.2139999866485596,1.0128624439239502,0.59375,"[0.0625, 0.28125, 0.0625, 0.59375]",0.7306258082389832,0.016574539244174957,0.017400870099663734,0.01760096848011017,0.018289970234036446,0.04590855538845062,0.03979751467704773,0.46444007754325867,0.5511738061904907,0.039950527250766754,0.48919400572776794,0.5743075609207153,0.03809194639325142,0.4654943645000458,0.03971616551280022,0.3891405761241913,0.5955872535705566,0.4654943645000458,0.04542164504528046,"[0.4536815881729126, 0.4722742438316345, 0.45487889647483826, 0.48114269971847534]","[0.039488956332206726, 0.033357810229063034, 0.03253106027841568, 0.046595774590969086]",0.48273006081581116,0.5685644745826721,0.04374660179018974,-0.0015719952061772346,0.02095889486372471,0.34375,0.25,0.40625,0.0,0.002376256277784705,0.001
191682,23,4.839091539382935,True,27,6,3,0,False,0,34,1.2174797058105469,1.2004978656768799,0.46875,"[0.46875, 0.3125, 0.09375, 0.125]",0.8659761548042297,0.015350079163908958,0.016420451924204826,0.015439623035490513,0.002400549128651619,0.11215393990278244,0.06515879929065704,0.5048763155937195,0.6247202157974243,0.05065787956118584,0.49665844440460205,0.6943439841270447,0.052920784801244736,0.49312469363212585,0.052780769765377045,0.3858060836791992,0.7092388868331909,0.49312469363212585,0.04002515971660614,"[0.49110162258148193, 0.49555569887161255, 0.49520257115364075, 0.490638792514801]","[0.06351017206907272, 0.050129104405641556, 0.055989328771829605, 0.041356947273015976]",0.5072768926620483,1.0069999694824219,0.10751348733901978,0.03015105426311493,0.18007080256938934,0.3125,0.4375,0.25,0.03125,0.01219119131565094,0.001
191711,24,3.9393584728240967,True,20,6,5,0,False,0,29,1.0081181526184082,1.214823842048645,0.5,"[0.5, 0.09375, 0.1875, 0.21875]",0.8763101696968079,0.013230741955339909,0.014708315953612328,0.016793524846434593,0.009524203836917877,0.04569273814558983,0.032977961003780365,0.49559077620506287,0.6740226745605469,0.05802009627223015,0.508317768573761,0.6572990417480469,0.04820788651704788,0.48724165558815,0.05559801682829857,0.3901611864566803,0.6740226745605469,0.48724165558815,0.0437932163476944,"[0.4865337014198303, 0.48030969500541687, 0.4912571907043457, 0.49086618423461914]","[0.05913838744163513, 0.06091659516096115, 0.049849629402160645, 0.05376067012548447]",0.5051149725914001,0.6865057349205017,0.0636444017291069,0.001880343770608306,0.032198578119277954,0.28125,0.34375,0.375,0.0,0.002113292459398508,0.001
191741,25,5.075161933898926,False,20,5,6,0,False,0,30,-1.0579999685287476,1.2420066595077515,0.46875,"[0.46875, 0.09375, 0.21875, 0.21875]",0.8959184288978577,0.012281322851777077,0.012992314994335175,0.012302849441766739,0.04946696758270264,0.13553950190544128,0.07103127241134644,0.48206663131713867,0.5885529518127441,0.0315677635371685,0.5071582794189453,0.6384977102279663,0.05034288763999939,0.4805557131767273,0.03239975497126579,0.3898372948169708,0.5885529518127441,0.4805557131767273,0.032578617334365845,"[0.47677600383758545, 0.4766814708709717, 0.4818287789821625, 0.4869367480278015]","[0.03754982352256775, 0.036350756883621216, 0.027211779728531837, 0.027473120018839836]",0.5315335988998413,1.0130000114440918,0.13538041710853577,0.05940673127770424,0.24859686195850372,0.375,0.34375,0.28125,0.0625,0.020243844017386436,0.001
191772,26,4.535098552703857,True,20,6,5,0,False,0,31,1.0930769443511963,1.2626250982284546,0.4375,"[0.4375, 0.09375, 0.25, 0.21875]",0.9107914566993713,0.00819646567106247,0.013148142956197262,0.011838095262646675,-0.004176036454737186,0.04184103012084961,0.03441643714904785,0.4731568694114685,0.5577414035797119,0.038650184869766235,0.48996299505233765,0.574964165687561,0.03277115523815155,0.47488167881965637,0.044790636748075485,0.37965765595436096,0.6449446082115173,0.47488167881965637,0.030135110020637512,"[0.471235990524292, 0.4750021696090698, 0.47853654623031616, 0.47475212812423706]","[0.04647286236286163, 0.04666075110435486, 0.03641267120838165, 0.05028495192527771]",0.4689808487892151,0.5692145228385925,0.039022862911224365,-0.016082581132650375,0.02829056978225708,0.375,0.15625,0.46875,0.0,0.0017134028021246195,0.001
191816,27,8.07272481918335,True,34,6,2,0,False,0,44,1.3334470987319946,1.0656468868255615,0.625,"[0.625, 0.125, 0.09375, 0.15625]",0.7687017321586609,0.019979149103164673,0.01533373910933733,0.017397746443748474,0.030956929549574852,0.12518249452114105,0.057409293949604034,0.47920939326286316,0.5658953189849854,0.04145783558487892,0.4941357970237732,0.6062284708023071,0.04298790916800499,0.4771859049797058,0.037845268845558167,0.3998098075389862,0.576471745967865,0.4771859049797058,0.045432593673467636,"[0.4900338649749756, 0.47724443674087524, 0.46624869108200073, 0.4752163887023926]","[0.04839729517698288, 0.03444259986281395, 0.03114686720073223, 0.032727062702178955]",0.510166347026825,1.062000036239624,0.14596346020698547,0.055778246372938156,0.2608944773674011,0.34375,0.25,0.40625,0.0625,0.016139280050992966,0.001
191843,28,4.073896408081055,True,19,6,3,0,False,0,27,1.2416057586669922,0.787399172782898,0.75,"[0.75, 0.15625, 0.03125, 0.0625]",0.5679884552955627,0.02120010182261467,0.012700575403869152,0.023818854242563248,0.004615881480276585,0.052803751081228256,0.041046567261219025,0.47584471106529236,0.5528478622436523,0.04382224753499031,0.4813929796218872,0.5362114906311035,0.03304941579699516,0.4754828214645386,0.05571656674146652,0.019248157739639282,0.5918633341789246,0.4754828214645386,0.060805290937423706,"[0.5004398226737976, 0.46992865204811096, 0.4547601342201233, 0.47680264711380005]","[0.0353006087243557, 0.04139220714569092, 0.0863712951540947, 0.03432847931981087]",0.48046058416366577,0.5890473127365112,0.04375079646706581,0.0038815438747406006,0.026174208149313927,0.375,0.34375,0.28125,0.0,0.0027224100194871426,0.001
191879,29,5.741314172744751,True,27,6,4,0,False,0,36,1.1178988218307495,1.1260133981704712,0.53125,"[0.53125, 0.28125, 0.0625, 0.125]",0.8122469782829285,0.01312586572021246,0.015033937990665436,0.026413660496473312,0.01978762075304985,0.09453044831752777,0.04694279655814171,0.48345062136650085,0.5516300797462463,0.04033762589097023,0.4968620836734772,0.6495711207389832,0.04479490593075752,0.4670628309249878,0.1127946749329567,-0.4127453863620758,0.5879745483398438,0.47871655225753784,0.06138168275356293,"[0.48793289065361023, 0.4860982596874237, 0.4456770420074463, 0.4485430121421814]","[0.04158734530210495, 0.03725661337375641, 0.14681050181388855, 0.16062717139720917]",0.5032382607460022,0.9849196672439575,0.10098931193351746,0.02786293625831604,0.17681878805160522,0.40625,0.28125,0.3125,0.03125,0.00904830452054739,0.001
191907,30,4.137613296508789,True,19,6,5,0,False,0,28,1.100000023841858,1.086724042892456,0.59375,"[0.0625, 0.1875, 0.59375, 0.15625]",0.7839056849479675,0.009984022006392479,0.011560400947928429,0.011512680910527706,0.01136532798409462,0.11760061979293823,0.05194835364818573,0.49414026737213135,0.6273558735847473,0.04755093902349472,0.4941503405570984,0.6076963543891907,0.04442166909575462,0.49009907245635986,0.04680684581398964,0.3193081021308899,0.6273558735847473,0.49009907245635986,0.030212903395295143,"[0.4861266016960144, 0.4900052547454834, 0.49348586797714233, 0.490778386592865]","[0.04206246882677078, 0.04333537817001343, 0.058725547045469284, 0.043023623526096344]",0.5055056214332581,1.0160000324249268,0.10555291175842285,0.030028287321329117,0.18148432672023773,0.375,0.375,0.25,0.03125,0.01352689228951931,0.001
191935,31,4.1524574756622314,True,19,6,4,0,False,0,28,1.1079862117767334,1.2517155408859253,0.46875,"[0.125, 0.15625, 0.46875, 0.25]",0.9029219150543213,0.020237445831298828,0.02405380830168724,0.014437185600399971,0.014621214009821415,0.09399139881134033,0.05056682229042053,0.5051180124282837,0.7347274422645569,0.06163601204752922,0.5062882900238037,0.6005450487136841,0.043529439717531204,0.4991598129272461,0.05345337465405464,0.38335543870925903,0.7347274422645569,0.4991598129272461,0.03662025183439255,"[0.4900449216365814, 0.49376368522644043, 0.5117325782775879, 0.501098096370697]","[0.047397349029779434, 0.04516893997788429, 0.06721924245357513, 0.051161736249923706]",0.5197392702102661,1.0135302543640137,0.10949183255434036,0.03529219329357147,0.1809152066707611,0.21875,0.375,0.40625,0.03125,0.008772088214755058,0.001
191979,32,7.179178714752197,True,33,6,5,0,False,0,44,1.0647239685058594,1.1573734283447266,0.5625,"[0.125, 0.1875, 0.5625, 0.125]",0.8348684310913086,0.01323720719665289,0.01508684828877449,0.0180115457624197,0.033322326838970184,0.09837760031223297,0.04783058539032936,0.4692328870296478,0.5358496308326721,0.035084277391433716,0.48590415716171265,0.5824108719825745,0.033779874444007874,0.45722874999046326,0.04409586265683174,0.14130651950836182,0.5397024154663086,0.45722874999046326,0.046310897916555405,"[0.4567442536354065, 0.4547434151172638, 0.45681843161582947, 0.46060892939567566]","[0.03900450840592384, 0.027655044570565224, 0.06684532761573792, 0.034538593143224716]",0.502555251121521,1.0102674961090088,0.10233377665281296,0.03706936538219452,0.17917725443840027,0.28125,0.46875,0.25,0.03125,0.010486086830496788,0.001
192024,33,7.976063966751099,False,35,5,6,0,False,0,45,-1.0329999923706055,1.162699818611145,0.4375,"[0.4375, 0.0625, 0.375, 0.125]",0.838710606098175,0.014618253335356712,0.013937576673924923,0.020876284688711166,0.0381009578704834,0.0933835357427597,0.05376340448856354,0.4642290771007538,0.5317414999008179,0.051437776535749435,0.4910581707954407,0.5528865456581116,0.029041582718491554,0.46518969535827637,0.05088761821389198,0.12192171812057495,0.5567355155944824,0.46518969535827637,0.05372987315058708,"[0.4537895917892456, 0.4634007513523102, 0.47902756929397583, 0.46454086899757385]","[0.07130300998687744, 0.039076946675777435, 0.03453515097498894, 0.049693454056978226]",0.5023300051689148,1.003000020980835,0.0997522696852684,0.03181416913866997,0.17921219766139984,0.25,0.40625,0.34375,0.03125,0.009899652563035488,0.001
192060,34,5.224798202514648,True,26,6,5,0,False,0,36,1.0990227460861206,0.9613676071166992,0.6875,"[0.09375, 0.125, 0.6875, 0.09375]",0.6934801340103149,0.017693761736154556,0.018236150965094566,0.019732492044568062,0.023183289915323257,0.07788392901420593,0.05612523853778839,0.47559666633605957,0.6692944765090942,0.06778775155544281,0.5037044882774353,0.6487590670585632,0.053089700639247894,0.47440415620803833,0.06259173899888992,0.2872159481048584,0.7127166986465454,0.47440415620803833,0.049649134278297424,"[0.4651547074317932, 0.47904089093208313, 0.4907815158367157, 0.462639719247818]","[0.05163911357522011, 0.06165381893515587, 0.0728549137711525, 0.061189599335193634]",0.4987799823284149,0.6422714591026306,0.05828544497489929,0.00011249433737248182,0.01887737773358822,0.28125,0.40625,0.3125,0.0,0.006413811817765236,0.001
192116,35,11.149386405944824,True,47,6,4,0,False,0,56,1.1005494594573975,1.3208882808685303,0.375,"[0.25, 0.25, 0.375, 0.125]",0.9528194665908813,0.014728979207575321,0.02351335994899273,0.018311239778995514,0.016616668552160263,0.03773672506213188,0.030947517603635788,0.47886961698532104,0.7721712589263916,0.06152352690696716,0.5000653266906738,0.7619518041610718,0.055704277008771896,0.4713946580886841,0.05659644678235054,0.2538999319076538,0.7721712589263916,0.4713946580886841,0.04798272252082825,"[0.4757358431816101, 0.47776275873184204, 0.4678049683570862, 0.4642752408981323]","[0.04842358082532883, 0.0609874464571476, 0.053656160831451416, 0.06365831941366196]",0.495486319065094,0.7664662003517151,0.0661286860704422,0.00042164791375398636,0.03225955367088318,0.375,0.21875,0.40625,0.0,0.0016556722111999989,0.001
192138,36,2.6923668384552,True,16,6,2,0,False,0,22,1.3781375885009766,1.3164352178573608,0.40625,"[0.15625, 0.1875, 0.40625, 0.25]",0.949607253074646,0.011884493753314018,0.013124393299221992,0.017339631915092468,0.007778063416481018,0.11423575133085251,0.05527622625231743,0.48050156235694885,0.5912129878997803,0.042682208120822906,0.49170982837677,0.5934146642684937,0.052133604884147644,0.47436490654945374,0.049539487808942795,0.3099914491176605,0.5912129878997803,0.47436490654945374,0.04432146996259689,"[0.4726041853427887, 0.47829458117485046, 0.4790070056915283, 0.46755385398864746]","[0.04495928809046745, 0.044849567115306854, 0.0554414838552475, 0.05346300080418587]",0.4882796108722687,1.100000023841858,0.12599815428256989,0.0195213221013546,0.2002800703048706,0.1875,0.25,0.5625,0.03125,0.012702499516308308,0.001
192171,37,5.244105577468872,False,24,4,6,0,False,0,33,-1.1349999904632568,1.3368929624557495,0.375,"[0.15625, 0.25, 0.21875, 0.375]",0.9643644094467163,0.013476350344717503,0.016951141878962517,0.014120964333415031,-0.001712903380393982,0.05202675610780716,0.041454464197158813,0.46992117166519165,0.5777800679206848,0.04276164993643761,0.48054736852645874,0.5753260850906372,0.042677298188209534,0.4722953736782074,0.04523628577589989,0.37789386510849,0.6080217361450195,0.4722953736782074,0.03687387704849243,"[0.4685174226760864, 0.4768347144126892, 0.4768766164779663, 0.4669528007507324]","[0.045585598796606064, 0.0459526889026165, 0.04569193720817566, 0.04493033140897751]",0.4682082235813141,0.5931183099746704,0.053413644433021545,-0.007533644791692495,0.029374651610851288,0.28125,0.21875,0.5,0.0,0.0026251303497701883,0.001
192198,38,3.784679651260376,False,18,5,6,0,False,0,27,-1.100000023841858,1.017349123954773,0.5625,"[0.3125, 0.03125, 0.5625, 0.09375]",0.7338622808456421,0.013633202761411667,0.01540099922567606,0.020508795976638794,0.021583519876003265,0.10669897496700287,0.061091139912605286,0.4940328299999237,0.65604567527771,0.06548338383436203,0.5047572255134583,0.6821462512016296,0.06489051133394241,0.48662659525871277,0.06418075412511826,0.2933133542537689,0.6872208118438721,0.48662659525871277,0.05283045023679733,"[0.494853675365448, 0.48316216468811035, 0.4897891879081726, 0.47870129346847534]","[0.0645127221941948, 0.06091683357954025, 0.07013868540525436, 0.06265541166067123]",0.5156163573265076,0.9581919312477112,0.10813570022583008,0.029487015679478645,0.17190033197402954,0.375,0.28125,0.34375,0.03125,0.01149474922567606,0.001
192268,39,16.429712533950806,False,60,5,6,0,False,0,70,-1.100000023841858,0.785635232925415,0.59375,"[0.59375, 0.375, 0.0, 0.03125]",0.5667160153388977,0.015193418599665165,0.010894172824919224,0.022547800093889236,-0.04258038476109505,0.2887037992477417,0.08795188367366791,0.4824853539466858,0.5721045136451721,0.045175231993198395,0.4923209547996521,0.6084319353103638,0.04911009222269058,0.47314509749412537,0.048616353422403336,0.26123571395874023,0.597420334815979,0.47314509749412537,0.058284368366003036,"[0.4919610917568207, 0.48649585247039795, 0.4453105926513672, 0.46881288290023804]","[0.045360956341028214, 0.04067065939307213, 0.050718896090984344, 0.04505802318453789]",0.43990492820739746,0.6204243302345276,0.2730395197868347,-0.029557999223470688,0.18375520408153534,0.21875,0.34375,0.4375,0.03125,0.0825582817196846,0.001
192306,40,5.68352198600769,False,28,5,6,0,False,0,38,-1.0190000534057617,0.8059138059616089,0.75,"[0.75, 0.09375, 0.03125, 0.125]",0.581343948841095,0.01796848326921463,0.015389196574687958,0.020082011818885803,-0.046300653368234634,0.28043824434280396,0.08350177854299545,0.4744306802749634,0.5436453819274902,0.03802375867962837,0.48178309202194214,0.5420049428939819,0.029162803664803505,0.46950003504753113,0.042941346764564514,0.2425096035003662,0.6030595898628235,0.46950003504753113,0.051712363958358765,"[0.48918160796165466, 0.46258190274238586, 0.4569515883922577, 0.4692850410938263]","[0.034540582448244095, 0.044708285480737686, 0.04842761904001236, 0.03748750686645508]",0.42812997102737427,0.5635548233985901,0.2814711332321167,-0.03513011708855629,0.19646257162094116,0.28125,0.3125,0.40625,0.03125,0.07833169400691986,0.001
192331,41,3.289971113204956,True,17,6,4,0,False,0,25,1.1649253368377686,1.3739817142486572,0.28125,"[0.28125, 0.28125, 0.1875, 0.25]",0.991118311882019,0.011715718545019627,0.017877591773867607,0.02675112895667553,0.012637329287827015,0.04100032150745392,0.031700000166893005,0.473794549703598,0.583148181438446,0.038742948323488235,0.48925504088401794,0.6227672100067139,0.04645032063126564,0.4604673385620117,0.06776827573776245,-0.08292382955551147,0.583148181438446,0.4617629647254944,0.06825116276741028,"[0.47410547733306885, 0.44972124695777893, 0.45734357833862305, 0.46069902181625366]","[0.04233083128929138, 0.10760755091905594, 0.061862196773290634, 0.03598681092262268]",0.48643186688423157,0.6615395545959473,0.05651586875319481,0.002069360576570034,0.019574187695980072,0.21875,0.5,0.28125,0.0,0.001788196386769414,0.001
192391,42,13.262044191360474,True,50,6,5,0,False,0,60,1.0060484409332275,1.2820460796356201,0.4375,"[0.1875, 0.25, 0.4375, 0.125]",0.9248007535934448,0.012069126591086388,0.012873968109488487,0.01598348096013069,-0.004486449994146824,0.2906976044178009,0.1090974360704422,0.4639708399772644,0.5122635364532471,0.03091508336365223,0.4880860447883606,0.5380640029907227,0.027352506294846535,0.4515640437602997,0.038717638701200485,0.27139151096343994,0.5158778429031372,0.4515640437602997,0.04214419797062874,"[0.4349634051322937, 0.45998263359069824, 0.4621991515159607, 0.44911083579063416]","[0.050410326570272446, 0.02756851352751255, 0.03493506833910942, 0.03374927118420601]",0.45948439836502075,1.0390000343322754,0.28819039463996887,0.006956964265555143,0.2621835172176361,0.21875,0.5,0.28125,0.0625,0.08188442140817642,0.001
192423,43,5.0286877155303955,True,23,6,4,0,False,0,32,1.1988189220428467,1.3463473320007324,0.34375,"[0.34375, 0.28125, 0.15625, 0.21875]",0.9711843132972717,0.022049259394407272,0.024710465222597122,0.02424159273505211,0.0247359499335289,0.11814377456903458,0.06210757791996002,0.5028010606765747,0.7283371686935425,0.05845877155661583,0.5023477077484131,0.7760553359985352,0.062254298478364944,0.48930445313453674,0.05606042593717575,0.31316179037094116,0.7283371686935425,0.48930445313453674,0.06337834894657135,"[0.49326038360595703, 0.48521363735198975, 0.4970476031303406, 0.4816961884498596]","[0.051654551178216934, 0.06351832300424576, 0.05525476112961769, 0.054445330053567886]",0.527536928653717,1.0585129261016846,0.14327195286750793,0.0707995668053627,0.2567576766014099,0.25,0.375,0.375,0.0625,0.014133632183074951,0.001
192454,44,4.808633327484131,False,23,3,6,0,False,0,31,-1.2419999837875366,1.2770930528640747,0.40625,"[0.40625, 0.28125, 0.21875, 0.09375]",0.9212279319763184,0.013897452503442764,0.010452209040522575,0.01613941602408886,-0.025644445791840553,0.26198750734329224,0.07975027710199356,0.47517335414886475,0.6206182837486267,0.03694803640246391,0.4882456362247467,0.6040818691253662,0.035701144486665726,0.47032931447029114,0.042759381234645844,0.348103404045105,0.6322539448738098,0.47032931447029114,0.042635321617126465,"[0.4698667526245117, 0.4796108603477478, 0.4702489376068115, 0.4615907669067383]","[0.05238651856780052, 0.03981905058026314, 0.041655283421278, 0.03545915707945824]",0.44952893257141113,0.6556095480918884,0.263103723526001,-0.01879388466477394,0.1750636249780655,0.34375,0.4375,0.21875,0.03125,0.06715016812086105,0.001
192479,45,3.2263903617858887,False,17,3,6,0,False,0,25,-1.2319999933242798,1.162699818611145,0.4375,"[0.375, 0.4375, 0.125, 0.0625]",0.838710606098175,0.011132359504699707,0.009875638410449028,0.029760772362351418,0.0416296161711216,0.13562123477458954,0.06124236062169075,0.47758617997169495,0.5762910842895508,0.032057859003543854,0.49208343029022217,0.6362345218658447,0.039727989584207535,0.46082550287246704,0.09705355018377304,-0.49707263708114624,0.5762910842895508,0.4685922861099243,0.07436738908290863,"[0.46944794058799744, 0.48324912786483765, 0.46199119091033936, 0.4286137521266937]","[0.043721720576286316, 0.03221721202135086, 0.05277770012617111, 0.17659513652324677]",0.5192158222198486,1.026387095451355,0.13585872948169708,0.0640442743897438,0.24857616424560547,0.25,0.40625,0.34375,0.0625,0.019551359117031097,0.001
192530,46,9.797958850860596,True,42,6,4,0,False,0,51,1.135842204093933,1.0181995630264282,0.65625,"[0.09375, 0.125, 0.125, 0.65625]",0.7344757318496704,0.016447698697447777,0.019560467451810837,0.015945665538311005,0.004608792252838612,0.05409987270832062,0.03866147994995117,0.482143372297287,0.5745888948440552,0.03133212402462959,0.4917333722114563,0.7002222537994385,0.04992023855447769,0.4824744164943695,0.03716808557510376,0.3961504399776459,0.6082808971405029,0.4824744164943695,0.042348071932792664,"[0.4729440212249756, 0.4783095717430115, 0.48434555530548096, 0.49429869651794434]","[0.04021835699677467, 0.028760233893990517, 0.03513636812567711, 0.0414816252887249]",0.48675215244293213,0.6932200193405151,0.060629718005657196,-6.385450251400471e-05,0.027764419093728065,0.4375,0.21875,0.34375,0.0,0.0028565749526023865,0.001
192560,47,4.690049648284912,True,20,6,5,0,False,0,30,1.0832726955413818,0.9648187160491943,0.65625,"[0.03125, 0.15625, 0.65625, 0.15625]",0.6959695816040039,0.00826534628868103,0.00923588965088129,0.011864952743053436,0.007578330114483833,0.04102979600429535,0.03177572786808014,0.48158013820648193,0.6033862233161926,0.03705735132098198,0.49249041080474854,0.6007977724075317,0.04032427817583084,0.47952818870544434,0.035637736320495605,0.389256089925766,0.6033862233161926,0.47952818870544434,0.029631873592734337,"[0.47089841961860657, 0.48056739568710327, 0.48677101731300354, 0.47987598180770874]","[0.036441221833229065, 0.03242478147149086, 0.037987325340509415, 0.03533368930220604]",0.4891584515571594,0.5947898030281067,0.04299488663673401,0.0015929187647998333,0.017191044986248016,0.28125,0.4375,0.28125,0.0,0.0016882676864042878,0.001
192608,48,9.166283130645752,True,39,6,3,0,False,0,48,1.2488720417022705,1.2542290687561035,0.4375,"[0.1875, 0.4375, 0.09375, 0.28125]",0.9047350287437439,0.011092928238213062,0.012718303129076958,0.02397950552403927,0.023524919524788857,0.10869664698839188,0.04748399183154106,0.4740354120731354,0.5420342683792114,0.03392145782709122,0.48725011944770813,0.5899978876113892,0.036413438618183136,0.46489596366882324,0.07664985954761505,-0.23489561676979065,0.6021685600280762,0.4685662090778351,0.060192935168743134,"[0.4657590389251709, 0.4818226099014282, 0.46408611536026, 0.44791606068611145]","[0.044130586087703705, 0.04048778489232063, 0.04925921559333801, 0.13214126229286194]",0.4975603520870209,1.0199999809265137,0.10587161779403687,0.029364215210080147,0.18324051797389984,0.3125,0.34375,0.34375,0.03125,0.011999165639281273,0.001
192641,49,5.254003524780273,True,22,6,5,0,False,0,33,1.04962956905365,1.2965140342712402,0.40625,"[0.125, 0.28125, 0.40625, 0.1875]",0.9352371692657471,0.01282830536365509,0.01536132488399744,0.014571049250662327,0.024429555982351303,0.0858180969953537,0.04687713459134102,0.480777770280838,0.5856466293334961,0.04469075798988342,0.5041424036026001,0.580980122089386,0.037250421941280365,0.47838568687438965,0.0446205735206604,0.39121323823928833,0.601746141910553,0.47838568687438965,0.0381791777908802,"[0.4675446152687073, 0.4892600178718567, 0.47934240102767944, 0.4773958921432495]","[0.03462822362780571, 0.04973597452044487, 0.04200107604265213, 0.04974379390478134]",0.5052073001861572,1.003000020980835,0.0966409221291542,0.02407728135585785,0.17974801361560822,0.25,0.28125,0.46875,0.03125,0.0077314008958637714,0.001
192667,50,3.3488070964813232,True,16,6,4,0,False,0,26,1.1195957660675049,1.155646800994873,0.53125,"[0.0625, 0.21875, 0.1875, 0.53125]",0.833622932434082,0.011033306829631329,0.014783700928092003,0.01606735959649086,0.025675645098090172,0.041247058659791946,0.03996092826128006,0.4802057147026062,0.6943918466567993,0.05492817983031273,0.5034606456756592,0.7008951902389526,0.04749562218785286,0.4723694920539856,0.05092192068696022,0.3795880079269409,0.6943918466567993,0.4723694920539856,0.04151104390621185,"[0.460997998714447, 0.474775493144989, 0.47805559635162354, 0.4756489098072052]","[0.055803511291742325, 0.053461916744709015, 0.04645947739481926, 0.048046667128801346]",0.5058813095092773,0.6938862204551697,0.050965093076229095,0.007455300074070692,0.025412147864699364,0.34375,0.34375,0.3125,0.0,0.002307392191141844,0.001
192707,51,6.781393527984619,False,29,4,6,0,False,0,40,-1.1470000743865967,1.1636656522750854,0.5625,"[0.15625, 0.125, 0.5625, 0.15625]",0.8394073247909546,0.01210805494338274,0.014085153117775917,0.025915082544088364,0.04597450792789459,0.1471380889415741,0.07697072625160217,0.469068318605423,0.5896435379981995,0.05395368114113808,0.49197375774383545,0.5873610973358154,0.038895558565855026,0.4619435667991638,0.06938638538122177,-0.07576802372932434,0.5949752330780029,0.4631274342536926,0.06435462832450867,"[0.4600211977958679, 0.4646068215370178, 0.452883243560791, 0.47026294469833374]","[0.04764336347579956, 0.05443568527698517, 0.10750554502010345, 0.05259184166789055]",0.5150428414344788,1.0169999599456787,0.1391761749982834,0.057191841304302216,0.2524893879890442,0.34375,0.25,0.40625,0.0625,0.02308672107756138,0.001
192738,52,4.299648284912109,False,21,5,6,0,False,0,31,-1.0999999046325684,0.8059138059616089,0.75,"[0.03125, 0.09375, 0.75, 0.125]",0.581343948841095,0.020335689187049866,0.018694953992962837,0.021897513419389725,0.0217593964189291,0.11429436504840851,0.059202902019023895,0.48537084460258484,0.7077699899673462,0.058139000087976456,0.4887582063674927,0.7166454792022705,0.0511469691991806,0.4728056788444519,0.05022033303976059,0.2772632837295532,0.7077699899673462,0.4728056788444519,0.05796491354703903,"[0.457038938999176, 0.46372926235198975, 0.4958266615867615, 0.4746280312538147]","[0.05653488263487816, 0.03648478165268898, 0.05532314255833626, 0.04303812235593796]",0.5071302652359009,1.003999948501587,0.11185251921415329,0.03703228756785393,0.18033960461616516,0.21875,0.46875,0.3125,0.03125,0.013128448277711868,0.001
192756,53,2.2112956047058105,False,13,0,6,0,False,0,18,-1.5290000438690186,1.2238984107971191,0.46875,"[0.46875, 0.09375, 0.28125, 0.15625]",0.8828560709953308,0.016820590943098068,0.017682695761322975,0.029140647500753403,0.03951502591371536,0.13524281978607178,0.06720072031021118,0.4835878312587738,0.5831405520439148,0.048443038016557693,0.4879031777381897,0.557862401008606,0.036361221224069595,0.4663259983062744,0.07432261854410172,-0.14634355902671814,0.5831405520439148,0.4686126112937927,0.07330852001905441,"[0.48434460163116455, 0.43859776854515076, 0.47980207204818726, 0.4625595211982727]","[0.044551264494657516, 0.12250010669231415, 0.04355829209089279, 0.04909834265708923]",0.523102879524231,1.035544991493225,0.1389269083738327,0.0708879828453064,0.25162750482559204,0.3125,0.40625,0.28125,0.0625,0.01928047649562359,0.001
192798,54,7.131299734115601,True,33,6,4,0,False,0,42,1.139312982559204,0.8738454580307007,0.625,"[0.625, 0.3125, 0.03125, 0.03125]",0.6303462386131287,0.014795016497373581,0.014997872523963451,0.01826302520930767,0.012018038891255856,0.10199656337499619,0.0456339493393898,0.4950992166996002,0.6094211339950562,0.049049340188503265,0.4939650893211365,0.6556233167648315,0.050046999007463455,0.4877367317676544,0.050347745418548584,0.23217681050300598,0.6173539161682129,0.4877367317676544,0.047037526965141296,"[0.4962009787559509, 0.49453258514404297, 0.48024889826774597, 0.47996455430984497]","[0.04076378419995308, 0.05025196075439453, 0.06486720591783524, 0.04181308299303055]",0.5071172714233398,1.0329923629760742,0.11103881150484085,0.03547575697302818,0.1838611364364624,0.34375,0.34375,0.3125,0.03125,0.010222630575299263,0.001
192821,55,2.775059700012207,True,15,6,4,0,False,0,23,1.190151572227478,1.073542833328247,0.625,"[0.625, 0.125, 0.125, 0.125]",0.7743974328041077,0.017946340143680573,0.02218075469136238,0.03601104021072388,0.0171078871935606,0.11878763884305954,0.06688997894525528,0.4841902256011963,0.585357666015625,0.042465511709451675,0.49293163418769836,0.5469240546226501,0.03535297140479088,0.45890700817108154,0.14512990415096283,-0.6449292302131653,0.585357666015625,0.47869306802749634,0.0830109715461731,"[0.4489021301269531, 0.47623658180236816, 0.43676719069480896, 0.4737222492694855]","[0.2075139880180359, 0.03839528560638428, 0.19803762435913086, 0.0372563973069191]",0.5012980699539185,1.027268409729004,0.10576988756656647,0.027847331017255783,0.1840784251689911,0.28125,0.375,0.34375,0.03125,0.013962228782474995,0.001
192894,56,18.153790712356567,True,62,6,5,0,False,0,73,1.0999999046325684,1.0947169065475464,0.53125,"[0.3125, 0.09375, 0.0625, 0.53125]",0.7896713018417358,0.0180831141769886,0.0187262911349535,0.018236838281154633,-0.07482682913541794,0.3797115385532379,0.1284341812133789,0.4857957065105438,0.5702275037765503,0.036396145820617676,0.5024348497390747,0.5829344391822815,0.03188084810972214,0.47762030363082886,0.04350260645151138,0.35837504267692566,0.5952906608581543,0.47762030363082886,0.04700502008199692,"[0.47846484184265137, 0.4706494212150574, 0.47434037923812866, 0.48702654242515564]","[0.037647925317287445, 0.046018265187740326, 0.0439172238111496, 0.04621632397174835]",0.4109688997268677,0.5945548415184021,0.37546131014823914,-0.05270351096987724,0.25371235609054565,0.21875,0.5,0.28125,0.0625,0.14527426660060883,0.001
192957,57,14.739546775817871,True,55,6,3,0,False,0,63,1.3000000715255737,1.24062979221344,0.375,"[0.21875, 0.375, 0.0625, 0.34375]",0.8949252367019653,0.011971321888267994,0.01179596222937107,0.014506079256534576,-0.13777317106723785,0.4379132390022278,0.16992667317390442,0.4768029451370239,0.5859499573707581,0.03709203004837036,0.4794185757637024,0.5223798155784607,0.025103341788053513,0.47080516815185547,0.034533243626356125,0.39840832352638245,0.5859499573707581,0.47080516815185547,0.03722372651100159,"[0.4713359475135803, 0.47622090578079224, 0.46951615810394287, 0.46614769101142883]","[0.027734404429793358, 0.03441013768315315, 0.0336252860724926, 0.04179711639881134]",0.3390297293663025,0.5945548415184021,0.4442373216152191,-0.0943681001663208,0.3030465841293335,0.28125,0.375,0.34375,0.09375,0.2047567069530487,0.001
192982,58,3.275625705718994,True,17,6,4,0,False,0,25,1.1498442888259888,1.1255172491073608,0.5,"[0.1875, 0.28125, 0.03125, 0.5]",0.8118890523910522,0.016498198732733727,0.017255891114473343,0.016171574592590332,0.010424349457025528,0.037056516855955124,0.02802857756614685,0.4729125201702118,0.5720739960670471,0.042564988136291504,0.49063342809677124,0.6343817710876465,0.044988200068473816,0.4728153645992279,0.04077684506773949,0.3894141912460327,0.5789570808410645,0.4728153645992279,0.04103412479162216,"[0.4721665382385254, 0.47491827607154846, 0.4603446125984192, 0.48383206129074097]","[0.04478348046541214, 0.046264395117759705, 0.032238688319921494, 0.03654874116182327]",0.483336865901947,0.6084977388381958,0.05202094465494156,-0.002390264766290784,0.029257141053676605,0.34375,0.25,0.40625,0.0,0.0014389405259862542,0.001
193027,59,8.286636114120483,True,36,6,4,0,False,0,45,1.1466209888458252,0.8924959897994995,0.71875,"[0.125, 0.09375, 0.0625, 0.71875]",0.6437997817993164,0.015281850472092628,0.010137694887816906,0.01492764800786972,0.006632765755057335,0.041399382054805756,0.03521585091948509,0.47074460983276367,0.544106125831604,0.03557824343442917,0.4889472723007202,0.5858364105224609,0.0379967987537384,0.46343767642974854,0.03761039301753044,0.38389819860458374,0.544106125831604,0.46343767642974854,0.03836993873119354,"[0.46708154678344727, 0.45593714714050293, 0.45269906520843506, 0.47803282737731934]","[0.03497486561536789, 0.03626427426934242, 0.0378192663192749, 0.0376259908080101]",0.47737735509872437,0.5799780488014221,0.0467732734978199,-0.0066804890520870686,0.028410280123353004,0.34375,0.25,0.40625,0.0,0.0017043427797034383,0.001
193058,60,5.0085227489471436,False,23,3,6,0,False,0,31,-1.2319999933242798,0.9016944169998169,0.6875,"[0.09375, 0.1875, 0.03125, 0.6875]",0.6504350304603577,0.020230935886502266,0.02293512411415577,0.019533811137080193,0.03922048211097717,0.13409914076328278,0.057587604969739914,0.47069162130355835,0.5411493182182312,0.03937292471528053,0.4942052662372589,0.5800944566726685,0.0425788089632988,0.4690277576446533,0.04103437066078186,0.3855080306529999,0.6013109087944031,0.4690277576446533,0.050293680280447006,"[0.4585645794868469, 0.47397780418395996, 0.4556339383125305, 0.48793476819992065]","[0.033763762563467026, 0.03580518439412117, 0.040638525038957596, 0.046176232397556305]",0.5099120736122131,1.048793911933899,0.14776112139225006,0.05643399432301521,0.26054227352142334,0.21875,0.375,0.40625,0.0625,0.018958870321512222,0.001
193078,61,3.038492441177368,True,12,6,3,0,False,0,20,1.2523255348205566,0.9743147492408752,0.5,"[0.125, 0.375, 0.0, 0.5]",0.7028195261955261,0.021415401250123978,0.023610740900039673,0.019155051559209824,-0.02781710773706436,0.25992387533187866,0.08014686405658722,0.4866431653499603,0.613621711730957,0.04508377984166145,0.5025913119316101,0.5858458280563354,0.03678581491112709,0.48181992769241333,0.04483330249786377,0.2776498794555664,0.613621711730957,0.48181992769241333,0.05009184032678604,"[0.4800923466682434, 0.48963314294815063, 0.46755605936050415, 0.4899980127811432]","[0.03312483802437782, 0.038875557482242584, 0.050546057522296906, 0.05221106857061386]",0.45882609486579895,0.6351985335350037,0.27215543389320374,-0.02490122802555561,0.18179361522197723,0.1875,0.34375,0.46875,0.03125,0.06622294336557388,0.001
193161,62,24.294633388519287,True,75,6,4,0,False,0,83,1.1606695652008057,1.3368929624557495,0.375,"[0.25, 0.21875, 0.15625, 0.375]",0.9643644094467163,0.015963543206453323,0.017694665119051933,0.0223848894238472,-0.07907139509916306,0.3612244725227356,0.12474916130304337,0.481713205575943,0.5897660255432129,0.04880969598889351,0.4990083575248718,0.5729464888572693,0.029566509649157524,0.4746023714542389,0.04636603593826294,0.2526412010192871,0.5897660255432129,0.4746023714542389,0.05726643651723862,"[0.4749772250652313, 0.48039010167121887, 0.464372456073761, 0.4786697030067444]","[0.0508747436106205, 0.040344297885894775, 0.04741159453988075, 0.04673001542687416]",0.40264180302619934,0.5674043297767639,0.3748159110546112,-0.06203692778944969,0.2520771324634552,0.28125,0.40625,0.3125,0.0625,0.13265781104564667,0.001
193187,63,3.206573247909546,True,15,6,5,0,False,0,26,1.0900640487670898,1.199874997138977,0.53125,"[0.125, 0.15625, 0.1875, 0.53125]",0.8655268549919128,0.014337773434817791,0.018261732533574104,0.016572438180446625,0.05308828502893448,0.13567893207073212,0.06967571377754211,0.4820164740085602,0.5812268257141113,0.04483036696910858,0.508246660232544,0.7191736698150635,0.05524216964840889,0.4787421226501465,0.04520762339234352,0.38478249311447144,0.6911771297454834,0.4787421226501465,0.04300222173333168,"[0.47634607553482056, 0.47784847021102905, 0.4737176299095154, 0.4870561361312866]","[0.042550306767225266, 0.03782501816749573, 0.0501580536365509, 0.05011430010199547]",0.5351047515869141,1.0540000200271606,0.14349766075611115,0.06384983658790588,0.255759060382843,0.5,0.25,0.25,0.0625,0.020651862025260925,0.001
193213,64,4.029402732849121,True,17,6,5,0,False,0,26,1.0901639461517334,1.119437575340271,0.5625,"[0.5625, 0.21875, 0.0625, 0.15625]",0.8075035214424133,0.012184939347207546,0.010731612332165241,0.013886785134673119,0.04655764624476433,0.11333823204040527,0.07281549274921417,0.4703983664512634,0.5583698749542236,0.039668112993240356,0.49723249673843384,0.5719428658485413,0.03544160723686218,0.4643624722957611,0.039927829056978226,0.38676902651786804,0.5830879211425781,0.4643624722957611,0.03625502064824104,"[0.46826833486557007, 0.4639374017715454, 0.45991164445877075, 0.46533268690109253]","[0.03434237837791443, 0.04335901141166687, 0.04098667576909065, 0.041887253522872925]",0.5169560313224792,1.0640000104904175,0.11130205541849136,0.04051554948091507,0.18999437987804413,0.25,0.53125,0.21875,0.03125,0.014611746184527874,0.001
193248,65,5.308621168136597,True,29,6,0,0,False,0,35,1.537693977355957,1.086724042892456,0.59375,"[0.1875, 0.59375, 0.15625, 0.0625]",0.7839056849479675,0.013433223590254784,0.0136223454028368,0.01748622953891754,0.03108133003115654,0.04859749600291252,0.04589804634451866,0.48147666454315186,0.6796393394470215,0.05337556451559067,0.5081509351730347,0.6612657308578491,0.04578881710767746,0.47718560695648193,0.04973898082971573,0.33382463455200195,0.6796393394470215,0.47718560695648193,0.0454510897397995,"[0.47562175989151, 0.4894803762435913, 0.47987210750579834, 0.4637681543827057]","[0.0556672029197216, 0.04150998964905739, 0.04609173536300659, 0.05326414108276367]",0.5125579833984375,0.6545102000236511,0.05145752429962158,0.009488582611083984,0.029167957603931427,0.34375,0.40625,0.25,0.0,0.0032539619132876396,0.001
193277,66,3.9739818572998047,True,20,6,4,0,False,0,29,1.1701456308364868,1.0486454963684082,0.5625,"[0.5625, 0.03125, 0.125, 0.28125]",0.7564378380775452,0.01786550134420395,0.02331581525504589,0.017665084451436996,-0.07816576957702637,0.3958870470523834,0.1424074023962021,0.5018699169158936,0.7292013168334961,0.054717738181352615,0.5049149990081787,0.6775373816490173,0.05430363491177559,0.4940776228904724,0.04883215203881264,0.4095115065574646,0.7292013168334961,0.4940776228904724,0.04554091766476631,"[0.4996830224990845, 0.4958341121673584, 0.4895322322845459, 0.4912613034248352]","[0.04284881800413132, 0.05292332172393799, 0.039821453392505646, 0.05900254845619202]",0.4237041771411896,1.0069999694824219,0.39693811535835266,-0.02653675153851509,0.3183257579803467,0.40625,0.375,0.21875,0.09375,0.15793871879577637,0.001
193299,67,3.6515657901763916,True,13,6,5,0,False,0,22,1.0689138174057007,1.2051116228103638,0.5,"[0.15625, 0.25, 0.09375, 0.5]",0.8693042993545532,0.015141945332288742,0.019128922373056412,0.03029944747686386,0.02900039032101631,0.09794539213180542,0.05118243023753166,0.475101500749588,0.5534570217132568,0.04729343205690384,0.4983562231063843,0.6084247827529907,0.04387184605002403,0.46550291776657104,0.1043846383690834,-0.6021053194999695,0.6071014404296875,0.47491082549095154,0.07427216321229935,"[0.43800172209739685, 0.47735798358917236, 0.4663063585758209, 0.48034530878067017]","[0.19390776753425598, 0.04206448048353195, 0.04059469327330589, 0.04967543110251427]",0.5041018724441528,1.0219999551773071,0.10747697204351425,0.02570066787302494,0.1832856833934784,0.3125,0.28125,0.40625,0.03125,0.010134533047676086,0.001
193320,68,2.8226265907287598,False,14,2,6,0,False,0,21,-1.3880000114440918,1.214823842048645,0.5,"[0.5, 0.1875, 0.09375, 0.21875]",0.8763101696968079,0.024783525615930557,0.026423536241054535,0.023868989199399948,-0.08909040689468384,0.3671708405017853,0.12204392999410629,0.4893302321434021,0.6072352528572083,0.046728670597076416,0.508251428604126,0.6061655282974243,0.037545815110206604,0.48062652349472046,0.05269307270646095,0.12018564343452454,0.6259539127349854,0.48062652349472046,0.061638280749320984,"[0.48991858959198, 0.48379263281822205, 0.4655929207801819, 0.4832020103931427]","[0.03602642938494682, 0.027696331962943077, 0.07679648697376251, 0.05543127283453941]",0.4002397656440735,0.6398985385894775,0.37750065326690674,-0.06912197917699814,0.25257495045661926,0.28125,0.3125,0.40625,0.0625,0.13853856921195984,0.001
193342,69,2.7036659717559814,True,15,6,3,0,False,0,22,1.2999999523162842,0.8314025402069092,0.6875,"[0.125, 0.0, 0.1875, 0.6875]",0.5997301340103149,0.020382579416036606,0.02758590131998062,0.018756218254566193,0.040668778121471405,0.13622765243053436,0.07238361984491348,0.4824853241443634,0.5597566366195679,0.032309625297784805,0.5011008381843567,0.6171287298202515,0.0443849191069603,0.47506919503211975,0.036984048783779144,0.366526335477829,0.6027523279190063,0.47506919503211975,0.048620324581861496,"[0.4649678170681, 0.4657557010650635, 0.4784075617790222, 0.4911457300186157]","[0.037427011877298355, 0.028394732624292374, 0.03908611834049225, 0.037359319627285004]",0.523154079914093,1.0219999551773071,0.1395505964756012,0.059172336012125015,0.2534041404724121,0.4375,0.21875,0.34375,0.0625,0.01963198557496071,0.001
193368,70,3.4680161476135254,True,17,6,4,0,False,0,26,1.1410526037216187,1.199874997138977,0.53125,"[0.125, 0.15625, 0.53125, 0.1875]",0.8655268549919128,0.015611076727509499,0.01855485513806343,0.01835472509264946,0.01026454009115696,0.05008545145392418,0.04080883413553238,0.4757901132106781,0.600147545337677,0.043612413108348846,0.49053066968917847,0.6137546896934509,0.04025960713624954,0.4744397699832916,0.043174754828214645,0.3958624005317688,0.6413575410842896,0.4744397699832916,0.04620321840047836,"[0.4625217318534851, 0.4751414656639099, 0.47765129804611206, 0.48244452476501465]","[0.044661711901426315, 0.03476344421505928, 0.04170424863696098, 0.049702126532793045]",0.4860546290874481,0.6036414504051208,0.04338202625513077,0.0004292393568903208,0.020988384261727333,0.3125,0.34375,0.34375,0.0,0.002535521052777767,0.001
193415,71,8.64309811592102,True,38,6,4,0,False,0,47,1.152255654335022,1.0471322536468506,0.625,"[0.15625, 0.15625, 0.0625, 0.625]",0.7553462386131287,0.0174674391746521,0.015877768397331238,0.017130829393863678,-0.00758737325668335,0.29033514857292175,0.10398508608341217,0.4723387360572815,0.5623655915260315,0.038372691720724106,0.4964829981327057,0.5626347661018372,0.04103570803999901,0.46670258045196533,0.03852769359946251,0.34969836473464966,0.5623655915260315,0.46670258045196533,0.04474101960659027,"[0.4663369059562683, 0.46037983894348145, 0.4568292796611786, 0.4832642674446106]","[0.04038536548614502, 0.037287387996912, 0.03452583774924278, 0.03798229247331619]",0.46475136280059814,1.0077542066574097,0.2878391742706299,0.005218286067247391,0.25736692547798157,0.25,0.4375,0.3125,0.0625,0.08171785622835159,0.001
193494,72,21.644790410995483,True,69,6,5,0,False,0,79,1.0740331411361694,1.1659226417541504,0.4375,"[0.4375, 0.03125, 0.3125, 0.21875]",0.8410354256629944,0.016590677201747894,0.0162219051271677,0.023391827940940857,0.04069964960217476,0.09924494475126266,0.0520859993994236,0.475539892911911,0.5684452056884766,0.04191737622022629,0.5074082612991333,0.5792155265808105,0.03685382381081581,0.473550021648407,0.04271126165986061,0.32390838861465454,0.5684452056884766,0.473550021648407,0.0599699541926384,"[0.4849623739719391, 0.4659099280834198, 0.4742417335510254, 0.4690859317779541]","[0.04807373881340027, 0.04081447049975395, 0.042321182787418365, 0.03859790787100792]",0.5162395238876343,1.001154899597168,0.09774499386548996,0.027982546016573906,0.17916454374790192,0.21875,0.46875,0.3125,0.03125,0.011198221705853939,0.001
193516,73,2.8470711708068848,True,15,6,2,0,False,0,22,1.3260377645492554,1.1379523277282715,0.5625,"[0.21875, 0.09375, 0.5625, 0.125]",0.8208590745925903,0.01279041450470686,0.0217577051371336,0.017590750008821487,-0.0019096732139587402,0.03977043926715851,0.03438134863972664,0.4980928301811218,0.5780100226402283,0.03535180911421776,0.5009847283363342,0.5795575976371765,0.034135401248931885,0.48882633447647095,0.03283791244029999,0.4035714566707611,0.5780100226402283,0.48882633447647095,0.044483479112386703,"[0.49261239171028137, 0.48100847005844116, 0.49939724802970886, 0.4822872281074524]","[0.03631593659520149, 0.03035309538245201, 0.03212377801537514, 0.030136317014694214]",0.49618321657180786,0.577377438545227,0.03971191123127937,0.00020832137670367956,0.019705653190612793,0.4375,0.21875,0.34375,0.0,0.0015359069220721722,0.001
193545,74,4.661749362945557,False,20,4,6,0,False,0,29,-1.149999976158142,1.3466053009033203,0.375,"[0.21875, 0.1875, 0.375, 0.21875]",0.9713703989982605,0.015929700806736946,0.018064333125948906,0.01847442239522934,0.01939387433230877,0.060574889183044434,0.04272104799747467,0.48403987288475037,0.8007637858390808,0.07507677376270294,0.5044129490852356,0.7483605146408081,0.06447841227054596,0.47811347246170044,0.05938195809721947,0.3085204064846039,0.8007637858390808,0.47811347246170044,0.048571012914180756,"[0.473537802696228, 0.47317081689834595, 0.4832605719566345, 0.48248475790023804]","[0.0622708834707737, 0.04650448262691498, 0.07023147493600845, 0.058132804930210114]",0.5034337043762207,0.7661400437355042,0.07705075293779373,0.004064863547682762,0.03579585626721382,0.34375,0.34375,0.3125,0.0,0.003930773586034775,0.001
193582,75,6.102433919906616,True,27,6,5,0,False,0,37,1.0241721868515015,1.119426965713501,0.59375,"[0.15625, 0.59375, 0.125, 0.125]",0.8074958920478821,0.011424196884036064,0.011272990144789219,0.015081296674907207,0.02087915875017643,0.09019260108470917,0.05031680315732956,0.4913921356201172,0.6033714413642883,0.036360181868076324,0.5040918588638306,0.582846999168396,0.038863737136125565,0.48436710238456726,0.03709045797586441,0.3408326208591461,0.6033714413642883,0.48436710238456726,0.037780921906232834,"[0.48483771085739136, 0.4878121018409729, 0.48095595836639404, 0.48386257886886597]","[0.04008505120873451, 0.04497964307665825, 0.035099659115076065, 0.027371907606720924]",0.5122712850570679,0.9946718811988831,0.09848149120807648,0.030697230249643326,0.17768807709217072,0.375,0.375,0.25,0.03125,0.008316435851156712,0.001
193609,76,3.7767598628997803,True,20,6,2,0,False,0,27,1.3385136127471924,1.0947169065475464,0.53125,"[0.09375, 0.53125, 0.3125, 0.0625]",0.7896713018417358,0.01292884349822998,0.012885325588285923,0.01619274541735649,0.022079147398471832,0.08972220122814178,0.052116759121418,0.4985535740852356,0.5975857973098755,0.036603257060050964,0.510426938533783,0.6072378158569336,0.04167694225907326,0.48694750666618347,0.0405118428170681,0.39092522859573364,0.6189506649971008,0.48694750666618347,0.041457075625658035,"[0.4831649661064148, 0.49302908778190613, 0.4927595257759094, 0.4788364768028259]","[0.03899136930704117, 0.04112110286951065, 0.038556359708309174, 0.043244313448667526]",0.5206327438354492,0.9962843060493469,0.09887146949768066,0.03342151269316673,0.17746639251708984,0.3125,0.375,0.3125,0.03125,0.008285997435450554,0.001
193671,77,15.037450790405273,True,53,6,4,0,False,0,62,1.1350992918014526,0.9428529739379883,0.6875,"[0.0625, 0.15625, 0.6875, 0.09375]",0.6801246404647827,0.013426785357296467,0.018395164981484413,0.028023792430758476,0.015194245614111423,0.048177048563957214,0.03725075721740723,0.4910318851470947,0.6200851202011108,0.050889499485492706,0.5137118101119995,0.7073577642440796,0.07578824460506439,0.48042750358581543,0.09927000850439072,-0.4638412296772003,0.6534725427627563,0.4876750409603119,0.06893467158079147,"[0.4800390601158142, 0.4628353416919708, 0.4996994137763977, 0.47913622856140137]","[0.04522160440683365, 0.17663352191448212, 0.05475112423300743, 0.058523450046777725]",0.506226122379303,0.6962841749191284,0.0834585651755333,-0.0023485501296818256,0.027044398710131645,0.28125,0.3125,0.40625,0.0,0.002479360904544592,0.001
193697,78,3.2952821254730225,True,17,6,4,0,False,0,26,1.1550359725952148,1.1246702671051025,0.5625,"[0.1875, 0.1875, 0.5625, 0.0625]",0.8112781047821045,0.013036109507083893,0.0126130860298872,0.019313042983412743,0.024043748155236244,0.119402214884758,0.04512882977724075,0.4924072027206421,0.6148531436920166,0.047941312193870544,0.4945842921733856,0.6066775918006897,0.036665286868810654,0.48241931200027466,0.04869578033685684,0.3266522288322449,0.617434024810791,0.48241931200027466,0.04925994947552681,"[0.48756876587867737, 0.4799148440361023, 0.4969002604484558, 0.46529343724250793]","[0.045431844890117645, 0.04026190564036369, 0.048376716673374176, 0.056001320481300354]",0.5164510011672974,1.100000023841858,0.11775444447994232,0.04124443233013153,0.19561618566513062,0.21875,0.46875,0.3125,0.03125,0.01438946183770895,0.001
193727,79,4.76817512512207,True,20,6,4,0,False,0,30,1.1536585092544556,1.1566166877746582,0.46875,"[0.25, 0.03125, 0.25, 0.46875]",0.8343225717544556,0.02082350105047226,0.022292787209153175,0.021092619746923447,0.0037896381691098213,0.047633979469537735,0.03851575404405594,0.4934456944465637,0.6787280440330505,0.0495067834854126,0.5046547055244446,0.5733466744422913,0.02960752137005329,0.48516517877578735,0.04305865615606308,0.38984382152557373,0.6787280440330505,0.48516517877578735,0.05460827425122261,"[0.47981786727905273, 0.4738384485244751, 0.500087559223175, 0.4869168996810913]","[0.037136878818273544, 0.029381006956100464, 0.04623716324567795, 0.05310717597603798]",0.4972352683544159,0.5757450461387634,0.04469762742519379,-0.002372855320572853,0.029671967029571533,0.25,0.34375,0.40625,0.0,0.0022124513052403927,0.001
193754,80,3.444613456726074,True,18,6,4,0,False,0,27,1.154362440109253,1.3164352178573608,0.40625,"[0.25, 0.15625, 0.1875, 0.40625]",0.949607253074646,0.01773557811975479,0.016306843608617783,0.01671583019196987,0.03711731731891632,0.19395405054092407,0.07004965096712112,0.4845808744430542,0.576508641242981,0.03970477357506752,0.49811652302742004,0.5696954131126404,0.03762652352452278,0.4843939244747162,0.042105384171009064,0.4037994146347046,0.6005123853683472,0.4843939244747162,0.042142171412706375,"[0.48491930961608887, 0.4782232642173767, 0.47921955585479736, 0.49521365761756897]","[0.04017588496208191, 0.03762664273381233, 0.03844350948929787, 0.05066734179854393]",0.5216981768608093,1.5386199951171875,0.19163136184215546,0.028562843799591064,0.1826421469449997,0.15625,0.46875,0.375,0.0,0.037820301949977875,0.001
193778,81,3.658557415008545,False,15,4,6,0,False,0,24,-1.1160000562667847,1.0243281126022339,0.59375,"[0.03125, 0.125, 0.25, 0.59375]",0.7388965487480164,0.012964801862835884,0.009512050077319145,0.015597566030919552,-0.02148274891078472,0.2560933232307434,0.08402229100465775,0.4746071994304657,0.6404263973236084,0.04689578711986542,0.49524226784706116,0.672656238079071,0.05695429816842079,0.47313597798347473,0.042974941432476044,0.3824131190776825,0.6404263973236084,0.47313597798347473,0.040381669998168945,"[0.45464518666267395, 0.47378969192504883, 0.47777625918388367, 0.48633283376693726]","[0.03754280135035515, 0.04344652220606804, 0.042083755135536194, 0.04407520592212677]",0.45312443375587463,0.6667202115058899,0.2735902965068817,-0.02403196319937706,0.1813250631093979,0.4375,0.34375,0.21875,0.03125,0.06399581581354141,0.001
193798,82,2.424684524536133,True,13,6,2,0,False,0,20,1.3877778053283691,0.9507489204406738,0.6875,"[0.0625, 0.125, 0.6875, 0.125]",0.6858204007148743,0.012618441134691238,0.013658683747053146,0.015363904647529125,0.061557505279779434,0.14071370661258698,0.07723940908908844,0.48665136098861694,0.5866265296936035,0.03630775213241577,0.516213059425354,0.6044397354125977,0.0407237634062767,0.47992581129074097,0.039201799780130386,0.3357318341732025,0.5866265296936035,0.47992581129074097,0.03935101628303528,"[0.47016337513923645, 0.4735148549079895, 0.4934201240539551, 0.48260483145713806]","[0.03686819225549698, 0.0413106232881546, 0.03537333756685257, 0.040528468787670135]",0.5482088327407837,1.0779999494552612,0.13939574360847473,0.06936287879943848,0.2588917911052704,0.40625,0.34375,0.25,0.0625,0.022970914840698242,0.001
193835,83,6.622112989425659,False,27,5,6,0,False,0,37,-1.0250000953674316,0.8924959897994995,0.71875,"[0.0625, 0.125, 0.71875, 0.09375]",0.6437997817993164,0.01837005652487278,0.019786952063441277,0.02218911051750183,0.03044871985912323,0.10759980976581573,0.05309789255261421,0.5091988444328308,0.5920615196228027,0.034103941172361374,0.5184949040412903,0.6644738912582397,0.044900815933942795,0.49200356006622314,0.0582515224814415,0.09952166676521301,0.6065570116043091,0.49200356006622314,0.05512509495019913,"[0.48172879219055176, 0.48516637086868286, 0.5137194395065308, 0.48739972710609436]","[0.06678076088428497, 0.08069121837615967, 0.03163599595427513, 0.035550788044929504]",0.5396475195884705,1.0110000371932983,0.09960544854402542,0.04057098180055618,0.17877811193466187,0.375,0.4375,0.1875,0.03125,0.012143039144575596,0.001
193864,84,4.563088893890381,True,19,6,5,0,False,0,29,1.100000023841858,1.1494773626327515,0.5625,"[0.1875, 0.5625, 0.09375, 0.15625]",0.829172670841217,0.011609631590545177,0.013175575993955135,0.014517066068947315,0.011828608810901642,0.04256880283355713,0.03024430386722088,0.4840087294578552,0.6073911786079407,0.04205258935689926,0.4987625479698181,0.5549946427345276,0.03247873857617378,0.4778292775154114,0.03803962469100952,0.3948724567890167,0.6073911786079407,0.4778292775154114,0.03716302663087845,"[0.4766775071620941, 0.48347049951553345, 0.477344810962677, 0.47382432222366333]","[0.03829032555222511, 0.03488900884985924, 0.03635743260383606, 0.043264444917440414]",0.49583733081817627,0.5674692988395691,0.03789084032177925,0.0020624275784939528,0.020197078585624695,0.34375,0.34375,0.3125,0.0,0.0018953908002004027,0.001
193894,85,4.924896955490112,True,23,6,2,0,False,0,30,1.396108865737915,1.0496714115142822,0.53125,"[0.0625, 0.34375, 0.0625, 0.53125]",0.7571778893470764,0.014377384446561337,0.014472556300461292,0.03229524567723274,-0.042064499109983444,0.2527253329753876,0.07773078233003616,0.4709383249282837,0.5688959360122681,0.03829701617360115,0.4861213266849518,0.6441423892974854,0.044939182698726654,0.46169716119766235,0.12269334495067596,-0.8254678845405579,0.6100338697433472,0.4745950996875763,0.08106089383363724,"[0.4633980393409729, 0.4365884065628052, 0.46636199951171875, 0.4804401993751526]","[0.05152057111263275, 0.23404225707054138, 0.03558383509516716, 0.044002339243888855]",0.42887380719184875,0.6377009749412537,0.26656514406204224,-0.039893243461847305,0.17841526865959167,0.25,0.34375,0.40625,0.03125,0.06364357471466064,0.001
193927,86,4.639478921890259,True,23,6,5,0,False,0,33,1.0235294103622437,1.163665771484375,0.5625,"[0.5625, 0.15625, 0.125, 0.15625]",0.8394074440002441,0.011781842447817326,0.010268042795360088,0.01601451262831688,-0.007210347801446915,0.2853139042854309,0.09340664744377136,0.47945308685302734,0.5280436873435974,0.027984848245978355,0.5069812536239624,0.5845526456832886,0.037203993648290634,0.4681131839752197,0.039287496358156204,0.19576451182365417,0.5360064506530762,0.4681131839752197,0.040790729224681854,"[0.4740039110183716, 0.45675790309906006, 0.4734199047088623, 0.4682709574699402]","[0.02939489297568798, 0.06194104626774788, 0.024267105385661125, 0.028909144923090935]",0.4722427725791931,1.090000033378601,0.29577869176864624,0.0008451081812381744,0.26950255036354065,0.3125,0.28125,0.40625,0.0625,0.07891213893890381,0.001
193955,87,4.431537866592407,True,19,6,4,0,False,0,28,1.1783185005187988,1.1666758060455322,0.5,"[0.5, 0.28125, 0.15625, 0.0625]",0.8415787220001221,0.01388817559927702,0.012392276898026466,0.015371925197541714,-0.0011711521074175835,0.06728970259428024,0.04120674356818199,0.496140718460083,0.6883502006530762,0.05361190438270569,0.4945945143699646,0.5734028816223145,0.036689482629299164,0.48922598361968994,0.04814187064766884,0.40083661675453186,0.6883502006530762,0.48922598361968994,0.039631813764572144,"[0.49527788162231445, 0.4971851706504822, 0.49140626192092896, 0.4730345606803894]","[0.049087200313806534, 0.05396529659628868, 0.04280143976211548, 0.0442984439432621]",0.49496957659721375,0.6163262724876404,0.054686859250068665,0.005321013741195202,0.028672847896814346,0.34375,0.40625,0.25,0.0,0.0043877786956727505,0.001
193983,88,3.7290515899658203,True,19,6,5,0,False,0,28,1.100000023841858,0.9180458784103394,0.6875,"[0.6875, 0.1875, 0.0625, 0.0625]",0.6622301340103149,0.01340469066053629,0.014492026530206203,0.01607486605644226,-0.0023795850574970245,0.044867802411317825,0.034193579107522964,0.48939502239227295,0.5524949431419373,0.03305407986044884,0.4912896752357483,0.6416069269180298,0.04193788766860962,0.47963154315948486,0.035788506269454956,0.33372458815574646,0.5524949431419373,0.47963154315948486,0.04119613394141197,"[0.4868931770324707, 0.47323811054229736, 0.47699350118637085, 0.48140138387680054]","[0.043033912777900696, 0.03627559170126915, 0.027946120128035545, 0.03451598435640335]",0.4870154559612274,0.6351908445358276,0.046639103442430496,0.0006387021858245134,0.015482732094824314,0.3125,0.34375,0.34375,0.0,0.001955872168764472,0.001
194006,89,3.658428430557251,True,17,6,1,0,False,0,23,1.4014778137207031,0.954595685005188,0.59375,"[0.3125, 0.03125, 0.0625, 0.59375]",0.6885952353477478,0.014621530659496784,0.01681770570576191,0.01588161662220955,0.018931109458208084,0.11491068452596664,0.053545307368040085,0.49300092458724976,0.650162398815155,0.04126565530896187,0.4915916919708252,0.5783032178878784,0.035804517567157745,0.4844436049461365,0.04537040367722511,0.3311820328235626,0.650162398815155,0.4844436049461365,0.041166309267282486,"[0.4879230856895447, 0.47125929594039917, 0.4839479923248291, 0.4946439862251282]","[0.04391477629542351, 0.048529017716646194, 0.03735363855957985, 0.04954436048865318]",0.5119320750236511,1.0891386270523071,0.11350554972887039,0.039793357253074646,0.19269292056560516,0.28125,0.46875,0.25,0.03125,0.013150213286280632,0.001
194040,90,4.798475742340088,False,26,3,6,0,False,0,34,-1.2020000219345093,0.7029188871383667,0.75,"[0.0625, 0.75, 0.0, 0.1875]",0.5070487856864929,0.017955336719751358,0.015551970340311527,0.019959475845098495,0.022085722535848618,0.1169562116265297,0.05563383921980858,0.5044335126876831,0.6203374862670898,0.05412771552801132,0.5076078772544861,0.6033860445022583,0.039633892476558685,0.5002833008766174,0.03990509733557701,0.29093506932258606,0.6379764080047607,0.5002833008766174,0.05293861776590347,"[0.5042142868041992, 0.5180082321166992, 0.49629831314086914, 0.48261240124702454]","[0.03936319425702095, 0.03631165251135826, 0.027725448831915855, 0.0469902902841568]",0.526519238948822,1.093999981880188,0.1151219829916954,0.040469005703926086,0.19415681064128876,0.40625,0.28125,0.3125,0.03125,0.01373907458037138,0.001
194073,91,4.748481273651123,False,25,3,6,0,False,0,33,-1.2910000085830688,0.8119814395904541,0.6875,"[0.0, 0.6875, 0.21875, 0.09375]",0.5857207775115967,0.017034392803907394,0.02034902200102806,0.02200005203485489,0.014557797461748123,0.049033697694540024,0.037044305354356766,0.49463072419166565,0.5900224447250366,0.04402528330683708,0.5193025469779968,0.6472564935684204,0.048735540360212326,0.48279717564582825,0.04372163116931915,0.37396737933158875,0.5900224447250366,0.48279717564582825,0.057115018367767334,"[0.4638316035270691, 0.4989907145500183, 0.4904571771621704, 0.4779092073440552]","[0.03756963834166527, 0.040652643889188766, 0.047741636633872986, 0.0419609434902668]",0.5091885328292847,0.6407839059829712,0.05570792406797409,-0.004920993000268936,0.026420874521136284,0.25,0.34375,0.40625,0.0,0.0025410985108464956,0.001
194101,92,3.6181280612945557,False,18,5,6,0,False,0,28,-1.034999966621399,0.8716546297073364,0.6875,"[0.0625, 0.6875, 0.03125, 0.21875]",0.628765881061554,0.007710504345595837,0.008630074560642242,0.016051035374403,0.006718410179018974,0.03896356001496315,0.028488967567682266,0.49536463618278503,0.5661565661430359,0.0386287197470665,0.5070057511329651,0.6663253903388977,0.04580547660589218,0.48753631114959717,0.04659450426697731,0.25944870710372925,0.5806248188018799,0.48753631114959717,0.04069007188081741,"[0.4862213730812073, 0.49957069754600525, 0.4879346489906311, 0.47641855478286743]","[0.04355337470769882, 0.03817493095993996, 0.036871399730443954, 0.062462251633405685]",0.5020830631256104,0.659662127494812,0.05681805685162544,0.00014733895659446716,0.026600783690810204,0.25,0.40625,0.34375,0.0,0.0015158535679802299,0.001
194135,93,4.566720724105835,True,21,6,4,0,False,0,34,1.1425824165344238,1.2201720476150513,0.40625,"[0.0625, 0.34375, 0.1875, 0.40625]",0.880168080329895,0.010826059617102146,0.012651526369154453,0.012299111112952232,0.011707073077559471,0.06293085217475891,0.05132223665714264,0.4923431873321533,0.594264805316925,0.040436889976263046,0.5010866522789001,0.6154431700706482,0.04100287705659866,0.487305223941803,0.04052278771996498,0.3590184450149536,0.594264805316925,0.487305223941803,0.031674474477767944,"[0.4817076325416565, 0.4950302243232727, 0.4862344264984131, 0.4862486720085144]","[0.04532337188720703, 0.04538968950510025, 0.03247121348977089, 0.03823879361152649]",0.5040503144264221,0.6212887763977051,0.05989501625299454,0.007974458858370781,0.03995702415704727,0.375,0.3125,0.3125,0.0,0.003973588813096285,0.001
194161,94,4.075280427932739,True,17,6,4,0,False,0,26,1.2000000476837158,1.0511116981506348,0.46875,"[0.0, 0.21875, 0.3125, 0.46875]",0.7582167983055115,0.013180168345570564,0.017246423289179802,0.02493901364505291,-0.08382415026426315,0.3862047493457794,0.13526660203933716,0.47974351048469543,0.529251217842102,0.034431420266628265,0.5066622495651245,0.6515000462532043,0.051962487399578094,0.4679184854030609,0.08543386310338974,-0.37758082151412964,0.5729924440383911,0.47381818294525146,0.06316094100475311,"[0.43149682879447937, 0.47850701212882996, 0.4811660647392273, 0.48050397634506226]","[0.15268005430698395, 0.038914795964956284, 0.039925895631313324, 0.04065423831343651]",0.3959193825721741,0.6449850797653198,0.3884834051132202,-0.07552950084209442,0.2613622546195984,0.28125,0.25,0.46875,0.0625,0.1515195369720459,0.001
194196,95,5.372229814529419,True,28,6,2,0,False,0,35,1.373529314994812,0.8716546297073364,0.6875,"[0.03125, 0.0625, 0.6875, 0.21875]",0.628765881061554,0.011859075166285038,0.012602623552083969,0.011145143769681454,0.027545053511857986,0.04476907104253769,0.043819278478622437,0.47707000374794006,0.5547493696212769,0.038336846977472305,0.5100825428962708,0.5998698472976685,0.03785815089941025,0.4733230769634247,0.037589650601148605,0.3964864909648895,0.5547493696212769,0.4733230769634247,0.028775259852409363,"[0.46529579162597656, 0.46864381432533264, 0.48104095458984375, 0.4783116579055786]","[0.037913329899311066, 0.03514594957232475, 0.033107105642557144, 0.042937569320201874]",0.504615068435669,0.6049415469169617,0.0499177910387516,-0.00036664982326328754,0.03156903013586998,0.34375,0.34375,0.3125,0.0,0.002700366312637925,0.001
194247,96,8.81247615814209,False,38,5,6,0,False,0,51,-1.0439999103546143,1.2425737380981445,0.40625,"[0.25, 0.0625, 0.28125, 0.40625]",0.8963274955749512,0.00803383532911539,0.006784483324736357,0.01467443723231554,-0.019548093900084496,0.286893367767334,0.09272045642137527,0.4879947602748871,0.5919690132141113,0.0433945469558239,0.5011481046676636,0.578992486000061,0.0343233086168766,0.48550838232040405,0.04188327491283417,0.2808048725128174,0.5919690132141113,0.48550838232040405,0.03696445748209953,"[0.4868636727333069, 0.4809938669204712, 0.48675060272216797, 0.48742538690567017]","[0.033273205161094666, 0.0338476188480854, 0.04273345321416855, 0.055491987615823746]",0.46844667196273804,0.9887843728065491,0.28565675020217896,0.002537115477025509,0.25380831956863403,0.25,0.3125,0.4375,0.0625,0.08011781424283981,0.001
194284,97,5.797312259674072,False,29,3,6,0,False,0,37,-1.2829999923706055,1.0239287614822388,0.5,"[0.5, 0.1875, 0.0, 0.3125]",0.7386084794998169,0.014470878057181835,0.01839754916727543,0.014394157566130161,-0.028547121211886406,0.26100844144821167,0.08188210427761078,0.4837149381637573,0.5915918350219727,0.049039483070373535,0.5021246671676636,0.6212735176086426,0.04597535729408264,0.48462727665901184,0.047706637531518936,0.3846104145050049,0.6028675436973572,0.48462727665901184,0.036706577986478806,"[0.4898398816585541, 0.48356613516807556, 0.47292348742485046, 0.4921795129776001]","[0.04661425203084946, 0.04934230446815491, 0.047826386988162994, 0.04689930006861687]",0.4551678001880646,0.6172471642494202,0.2746436893939972,-0.02825784869492054,0.1828114092350006,0.28125,0.28125,0.4375,0.03125,0.06681141257286072,0.001
194321,98,6.367331266403198,False,28,3,6,0,False,0,37,-1.277000069618225,1.1644492149353027,0.53125,"[0.53125, 0.25, 0.125, 0.09375]",0.8399725556373596,0.01182295847684145,0.008006648160517216,0.011180801317095757,-0.03784981369972229,0.2697557210922241,0.07853491604328156,0.4856848120689392,0.6167435646057129,0.04767506197094917,0.5043717622756958,0.6172968149185181,0.042437825351953506,0.4855191111564636,0.04443974792957306,0.4020023047924042,0.632245659828186,0.4855191111564636,0.029038578271865845,"[0.49108225107192993, 0.48832497000694275, 0.4829534590244293, 0.4797157347202301]","[0.04383459687232971, 0.043218944221735, 0.04305768385529518, 0.04863883554935455]",0.44783496856689453,0.6463595628738403,0.27357715368270874,-0.03614363446831703,0.1818964183330536,0.28125,0.25,0.46875,0.03125,0.07192676514387131,0.001
194351,99,4.835994243621826,False,21,4,6,0,False,0,30,-1.1549999713897705,1.2449791431427002,0.40625,"[0.34375, 0.15625, 0.40625, 0.09375]",0.8980625867843628,0.01148875430226326,0.01514966320246458,0.012476441450417042,0.016662828624248505,0.04824288934469223,0.03667788207530975,0.49197089672088623,0.6198605895042419,0.04367223381996155,0.5137960314750671,0.7350289821624756,0.053887154906988144,0.4895063042640686,0.04511771723628044,0.40592625737190247,0.6681448817253113,0.4895063042640686,0.03283741697669029,"[0.4939161241054535, 0.488459050655365, 0.4928757846355438, 0.48277413845062256]","[0.04355287551879883, 0.050414782017469406, 0.037375323474407196, 0.049237191677093506]",0.5086337327957153,0.7088867425918579,0.05885622650384903,-2.43533868342638e-05,0.024970468133687973,0.21875,0.34375,0.4375,0.0,0.00253229564987123,0.001
194379,100,4.079943656921387,True,22,6,1,0,False,0,28,1.4879629611968994,1.2238984107971191,0.46875,"[0.09375, 0.15625, 0.46875, 0.28125]",0.8828560709953308,0.013473723083734512,0.01585988886654377,0.011445390060544014,-0.11644839495420456,0.4497925639152527,0.17957493662834167,0.4784291386604309,0.544526219367981,0.03353322297334671,0.4953913390636444,0.5659606456756592,0.03586418926715851,0.4749754071235657,0.03597792610526085,0.40685543417930603,0.5843924283981323,0.4749754071235657,0.02982841432094574,"[0.472711443901062, 0.4659494161605835, 0.4812415540218353, 0.47999945282936096]","[0.034563977271318436, 0.03107323870062828, 0.038087885826826096, 0.03919227421283722]",0.36198076605796814,0.6049415469169617,0.45022907853126526,-0.08407355099916458,0.3031209111213684,0.28125,0.375,0.34375,0.09375,0.20955127477645874,0.001
194425,101,8.555341243743896,False,34,4,6,0,False,0,46,-1.097000002861023,1.2614277601242065,0.46875,"[0.46875, 0.125, 0.21875, 0.1875]",0.9099277853965759,0.01737930253148079,0.021193109452724457,0.026190459728240967,0.019851237535476685,0.047698043286800385,0.036158133298158646,0.4765467643737793,0.6730858087539673,0.06233640015125275,0.5009721517562866,0.6095267534255981,0.03861211612820625,0.4743916690349579,0.07632604241371155,-0.047239065170288086,0.6730858087539673,0.4751298129558563,0.06623885035514832,"[0.4869683086872101, 0.4720573127269745, 0.45349711179733276, 0.4850439429283142]","[0.04960521310567856, 0.042662687599658966, 0.12578411400318146, 0.055021025240421295]",0.49639803171157837,0.6095981597900391,0.04408891871571541,0.00043558853212744,0.02370748296380043,0.25,0.4375,0.3125,0.0,0.002598077990114689,0.001
194453,102,4.386102199554443,True,19,6,4,0,False,0,28,1.1133838891983032,1.2865257263183594,0.4375,"[0.4375, 0.125, 0.21875, 0.21875]",0.9280321598052979,0.014751230366528034,0.01412090752273798,0.026070401072502136,-0.09171701222658157,0.3773322105407715,0.11784952878952026,0.49824002385139465,0.5979757308959961,0.04094330221414566,0.5033106803894043,0.6269317865371704,0.039595384150743484,0.4875442087650299,0.05865468084812164,0.15598157048225403,0.6463072299957275,0.4875442087650299,0.06600141525268555,"[0.4958025813102722, 0.47951892018318176, 0.48415040969848633, 0.49070483446121216]","[0.04594501852989197, 0.06803677976131439, 0.07207980751991272, 0.04472016915678978]",0.4065230190753937,0.6306624412536621,0.37945452332496643,-0.05984347313642502,0.2556053102016449,0.3125,0.4375,0.25,0.0625,0.1463422328233719,0.001
194486,103,5.362622022628784,True,23,6,4,0,False,0,33,1.2000000476837158,0.9016944169998169,0.6875,"[0.09375, 0.1875, 0.6875, 0.03125]",0.6504350304603577,0.013475713320076466,0.017574546858668327,0.019238904118537903,0.013404889963567257,0.05744369700551033,0.04708060249686241,0.48968273401260376,0.6251568794250488,0.04695688933134079,0.5082589387893677,0.6302036046981812,0.050561703741550446,0.4857429265975952,0.05169202387332916,0.3871133327484131,0.72731614112854,0.4857429265975952,0.049098432064056396,"[0.48070937395095825, 0.4925247132778168, 0.5025317668914795, 0.46720582246780396]","[0.050437066704034805, 0.05511535331606865, 0.055179957300424576, 0.04001406207680702]",0.5030876398086548,0.6331266760826111,0.05763520672917366,-8.870205783750862e-05,0.021413641050457954,0.3125,0.3125,0.375,0.0,0.003376351436600089,0.001
194516,104,4.072245836257935,True,21,6,4,0,False,0,30,1.2000000476837158,1.0512982606887817,0.59375,"[0.09375, 0.0625, 0.59375, 0.25]",0.7583513855934143,0.014850216917693615,0.015793785452842712,0.016952788457274437,0.03178161010146141,0.12142031639814377,0.06537380814552307,0.49886196851730347,0.5782051086425781,0.03910950943827629,0.5119874477386475,0.6241582632064819,0.044195592403411865,0.49484652280807495,0.043162751942873,0.4020044207572937,0.6397077441215515,0.49484652280807495,0.043619900941848755,"[0.4974357485771179, 0.4870496392250061, 0.5000224709510803, 0.4948781132698059]","[0.04578119516372681, 0.03965889289975166, 0.043671268969774246, 0.04426207020878792]",0.5306435227394104,1.0240000486373901,0.13760493695735931,0.05882538855075836,0.2515217661857605,0.40625,0.28125,0.3125,0.0625,0.015292249619960785,0.001
194544,105,3.6483771800994873,True,19,6,4,0,False,0,28,1.1168067455291748,1.119426965713501,0.59375,"[0.15625, 0.125, 0.125, 0.59375]",0.8074958920478821,0.0211840458214283,0.025832105427980423,0.017254231497645378,-0.0340052992105484,0.2661568522453308,0.08691737055778503,0.4888083338737488,0.587383508682251,0.044262271374464035,0.514285683631897,0.6721879243850708,0.05421368032693863,0.4836893379688263,0.04448810592293739,0.3286496698856354,0.6205710172653198,0.4836893379688263,0.04512086510658264,"[0.4837573170661926, 0.478118896484375, 0.47761964797973633, 0.49526143074035645]","[0.040417466312646866, 0.04505235701799393, 0.04140433669090271, 0.0502234548330307]",0.4548030495643616,0.6654660701751709,0.27466705441474915,-0.038726478815078735,0.17936965823173523,0.34375,0.25,0.40625,0.03125,0.06978210061788559,0.001
194568,106,3.2153196334838867,True,16,6,4,0,False,0,24,1.1999999284744263,1.155646800994873,0.53125,"[0.21875, 0.0625, 0.1875, 0.53125]",0.833622932434082,0.015414856374263763,0.013015296310186386,0.01683303900063038,-0.041522275656461716,0.2692970335483551,0.08679848909378052,0.5061891078948975,0.7125695943832397,0.0576111264526844,0.5137014389038086,0.7537899613380432,0.055636756122112274,0.5000437498092651,0.05248343199491501,0.4202541708946228,0.7233985662460327,0.5000437498092651,0.04407639801502228,"[0.5029066205024719, 0.49150681495666504, 0.4984768331050873, 0.5072846412658691]","[0.05711619555950165, 0.052666954696178436, 0.052531324326992035, 0.048462919890880585]",0.46466684341430664,0.7357462048530579,0.2738390564918518,-0.02917042188346386,0.17939166724681854,0.28125,0.3125,0.40625,0.03125,0.07197870314121246,0.001
194618,107,9.547300577163696,True,40,6,6,0,False,0,50,1.0,1.3303427696228027,0.34375,"[0.125, 0.34375, 0.28125, 0.25]",0.9596394300460815,0.013979790732264519,0.013488555327057838,0.013786658644676208,-0.001433536410331726,0.08920799195766449,0.04767264425754547,0.49398574233055115,0.5886417627334595,0.0424247570335865,0.4994752109050751,0.5928701758384705,0.030613629147410393,0.48929575085639954,0.038564879447221756,0.3925311863422394,0.5973233580589294,0.48929575085639954,0.03543830290436745,"[0.4873392581939697, 0.48849576711654663, 0.4927443563938141, 0.4886036515235901]","[0.039656441658735275, 0.03739643469452858, 0.04053862765431404, 0.0382235087454319]",0.4925522208213806,1.003999948501587,0.10052388161420822,0.01641368493437767,0.18267706036567688,0.3125,0.1875,0.5,0.03125,0.007711431011557579,0.001
194652,108,5.834751844406128,True,26,6,4,0,False,0,34,1.149999976158142,1.342125654220581,0.375,"[0.1875, 0.375, 0.25, 0.1875]",0.9681389927864075,0.011234409175813198,0.01020954642444849,0.014369633048772812,0.046882763504981995,0.1338852494955063,0.06690828502178192,0.4917954206466675,0.6154292821884155,0.052303411066532135,0.5112596750259399,0.6727297902107239,0.050081171095371246,0.48375701904296875,0.05160646140575409,0.345653235912323,0.6154292821884155,0.48375701904296875,0.03671147674322128,"[0.4872850179672241, 0.4828248918056488, 0.48765942454338074, 0.4772586524486542]","[0.04256899654865265, 0.056850943714380264, 0.05157553404569626, 0.05597676336765289]",0.5386782288551331,1.0525128841400146,0.14331409335136414,0.06461253017187119,0.25615590810775757,0.09375,0.46875,0.4375,0.0625,0.019563088193535805,0.001
194691,109,6.0966784954071045,False,29,4,6,0,False,0,39,-1.1770000457763672,0.601923942565918,0.8125,"[0.8125, 0.0, 0.0625, 0.125]",0.4341963529586792,0.014774264767765999,0.013849855400621891,0.019549088552594185,0.02964462898671627,0.10199758410453796,0.05350996553897858,0.4927818179130554,0.5848842263221741,0.03146926313638687,0.5146185159683228,0.5893973112106323,0.03696068748831749,0.4878479242324829,0.04310128837823868,0.21079681813716888,0.5891158580780029,0.4878479242324829,0.05040949583053589,"[0.5045113563537598, 0.48850157856941223, 0.4686225652694702, 0.48975634574890137]","[0.033785734325647354, 0.03220492601394653, 0.05963962897658348, 0.03468113765120506]",0.522426426410675,1.024999976158142,0.10243652015924454,0.02871713787317276,0.18435095250606537,0.34375,0.25,0.40625,0.03125,0.010957201942801476,0.001
194725,110,5.009763240814209,False,26,4,6,0,False,0,34,-1.1269999742507935,1.2450168132781982,0.4375,"[0.4375, 0.125, 0.3125, 0.125]",0.8980897665023804,0.016507230699062347,0.017795950174331665,0.016373449936509132,-0.028259066864848137,0.27739641070365906,0.09919250011444092,0.5078628659248352,0.6775097846984863,0.06744598597288132,0.5233151912689209,0.7234960198402405,0.059004366397857666,0.5038750171661377,0.05837065726518631,0.3974853456020355,0.685760498046875,0.5038750171661377,0.04218529909849167,"[0.5104985237121582, 0.4979572296142578, 0.5066356658935547, 0.5004087686538696]","[0.059710342437028885, 0.05679889768362045, 0.0598483644425869, 0.05901934951543808]",0.47960376739501953,0.716261088848114,0.2847506105899811,-0.023871319368481636,0.18936938047409058,0.40625,0.3125,0.28125,0.03125,0.07534269243478775,0.001
194764,111,6.996317148208618,False,29,5,6,0,False,0,39,-1.022999882698059,1.0751988887786865,0.59375,"[0.21875, 0.125, 0.0625, 0.59375]",0.775592029094696,0.01659497618675232,0.018517708405852318,0.018954865634441376,-0.039485909044742584,0.26443466544151306,0.08681420981884003,0.48900073766708374,0.5888421535491943,0.040450677275657654,0.5041316747665405,0.5874412655830383,0.04332931712269783,0.48362621665000916,0.04406480863690376,0.27403682470321655,0.5947471857070923,0.48362621665000916,0.04964563250541687,"[0.48713168501853943, 0.4739847779273987, 0.4765356183052063, 0.4968528151512146]","[0.0329948365688324, 0.05468796193599701, 0.041054870933294296, 0.04299622401595116]",0.44951483607292175,0.5859415531158447,0.2716064751148224,-0.033496007323265076,0.180837482213974,0.34375,0.25,0.40625,0.03125,0.06929966062307358,0.001
194798,112,4.798670530319214,True,24,6,5,0,False,0,34,1.056589126586914,1.1737807989120483,0.40625,"[0.21875, 0.34375, 0.03125, 0.40625]",0.8467038869857788,0.013253744691610336,0.01591218076646328,0.013989238999783993,0.014649239368736744,0.04349857568740845,0.035934530198574066,0.4916168749332428,0.5863112211227417,0.0417344868183136,0.5074183344841003,0.5885218977928162,0.040435872972011566,0.4884902238845825,0.03861613944172859,0.4144178330898285,0.5863112211227417,0.4884902238845825,0.03550736978650093,"[0.48845475912094116, 0.4853801131248474, 0.4781390130519867, 0.5019869208335876]","[0.03398342430591583, 0.039736319333314896, 0.035693880170583725, 0.04233919084072113]",0.5062660574913025,0.6105616688728333,0.04849321022629738,0.003921957220882177,0.028517847880721092,0.28125,0.375,0.34375,0.0,0.0020475974306464195,0.001
194845,113,7.776784896850586,True,37,6,5,0,False,0,47,1.100000023841858,0.9996848702430725,0.65625,"[0.0625, 0.15625, 0.65625, 0.125]",0.7211201786994934,0.00806578528136015,0.009474590420722961,0.024311617016792297,-0.07930498570203781,0.3744083344936371,0.1325029581785202,0.5016283988952637,0.585746705532074,0.04001486673951149,0.5140507221221924,0.6116697192192078,0.043258197605609894,0.49073824286460876,0.0839296504855156,-0.33399373292922974,0.5952058434486389,0.4959568977355957,0.059117015451192856,"[0.48662763833999634, 0.47223612666130066, 0.5068589448928833, 0.4972302317619324]","[0.03563540801405907, 0.15249058604240417, 0.04193173721432686, 0.04352390021085739]",0.42232340574264526,0.6317365169525146,0.37886741757392883,-0.05645034834742546,0.2507726550102234,0.34375,0.40625,0.25,0.0625,0.14209021627902985,0.001
194880,114,5.16044545173645,True,26,6,4,0,False,0,35,1.1752551794052124,1.1494773626327515,0.5625,"[0.1875, 0.15625, 0.5625, 0.09375]",0.829172670841217,0.00872915331274271,0.008857392705976963,0.013984782621264458,-0.04395643249154091,0.2694425880908966,0.08595125377178192,0.4979516267776489,0.5664977431297302,0.030687250196933746,0.5053252577781677,0.5781006217002869,0.0317748598754406,0.49033060669898987,0.03311421349644661,0.36012887954711914,0.5664977431297302,0.49033060669898987,0.035192642360925674,"[0.49313774704933167, 0.4923122227191925, 0.49483364820480347, 0.48103874921798706]","[0.035913582891225815, 0.03177538141608238, 0.02830698899924755, 0.03562772646546364]",0.4539952278137207,0.6049415469169617,0.27084892988204956,-0.028632735833525658,0.18174228072166443,0.5,0.28125,0.21875,0.03125,0.07226276397705078,0.001
194908,115,3.670095920562744,True,19,6,3,0,False,0,28,1.2363636493682861,1.133913278579712,0.5,"[0.25, 0.03125, 0.5, 0.21875]",0.8179455399513245,0.020049750804901123,0.019492171704769135,0.027183204889297485,0.010888965800404549,0.042790405452251434,0.034786805510520935,0.5001918077468872,0.6364231705665588,0.04919857904314995,0.5064465403556824,0.658598780632019,0.045837029814720154,0.4807167649269104,0.07693243026733398,-0.125040203332901,0.6364231705665588,0.48267051577568054,0.06978756189346313,"[0.49286365509033203, 0.45154646039009094, 0.4922472834587097, 0.48620960116386414]","[0.045825403183698654, 0.12878380715847015, 0.045294128358364105, 0.04807621240615845]",0.511080801486969,0.6499475836753845,0.053335707634687424,0.00969872996211052,0.030791688710451126,0.15625,0.53125,0.3125,0.0,0.0018923691241070628,0.001
194941,116,4.893323659896851,True,26,6,2,0,False,0,33,1.3319392204284668,1.1666758060455322,0.5,"[0.5, 0.0625, 0.28125, 0.15625]",0.8415787220001221,0.01275032851845026,0.015698282048106194,0.01629520021378994,0.007085046730935574,0.049420442432165146,0.041672755032777786,0.49126458168029785,0.5683925151824951,0.040281541645526886,0.5112273097038269,0.61142897605896,0.03925483673810959,0.4867754876613617,0.046218447387218475,0.24645653367042542,0.5988940000534058,0.4867754876613617,0.04180916026234627,"[0.49318745732307434, 0.480327844619751, 0.4880041480064392, 0.4855824112892151]","[0.040782708674669266, 0.040974099189043045, 0.03756008669734001, 0.06253045052289963]",0.49834954738616943,0.6053146719932556,0.04979073256254196,-0.007765418384224176,0.03043626807630062,0.28125,0.21875,0.5,0.0,0.0024162535555660725,0.001
194971,117,4.023066997528076,False,20,5,6,0,False,0,30,-1.0759999752044678,0.8207838535308838,0.6875,"[0.6875, 0.03125, 0.25, 0.03125]",0.5920704007148743,0.015986882150173187,0.013260072097182274,0.02259232848882675,0.01215316727757454,0.039455827325582504,0.032349903136491776,0.48560038208961487,0.5729536414146423,0.042658302932977676,0.5095878839492798,0.6034401655197144,0.04272110015153885,0.47652992606163025,0.04492732882499695,0.20651192963123322,0.5729536414146423,0.47652992606163025,0.05774539336562157,"[0.49609214067459106, 0.47657135128974915, 0.47463491559028625, 0.45882126688957214]","[0.03512852266430855, 0.03410496935248375, 0.05819360539317131, 0.04198916628956795]",0.4977535307407379,0.5974057912826538,0.049944449216127396,-0.006738458760082722,0.02580057643353939,0.3125,0.1875,0.5,0.0,0.0016558128409087658,0.001
194998,118,3.4253666400909424,False,18,4,6,0,False,0,27,-1.1349999904632568,1.1559302806854248,0.40625,"[0.1875, 0.40625, 0.375, 0.03125]",0.8338274359703064,0.010368301533162594,0.008068160153925419,0.017230065539479256,0.0002744309604167938,0.04387461021542549,0.03595320135354996,0.5018260478973389,0.5917621850967407,0.033816009759902954,0.5081019401550293,0.5713984966278076,0.034478139132261276,0.495979905128479,0.0383513942360878,0.3831169903278351,0.5917621850967407,0.495979905128479,0.044409431517124176,"[0.5022671222686768, 0.5040398836135864, 0.49585074186325073, 0.4817619025707245]","[0.034869760274887085, 0.04022274911403656, 0.033273614943027496, 0.04204994812607765]",0.5021004676818848,0.577468991279602,0.04695698246359825,-0.0009204680100083351,0.024272242560982704,0.3125,0.3125,0.375,0.0,0.001864901278167963,0.001
195019,119,2.5542826652526855,True,14,6,4,0,False,0,21,1.1146225929260254,1.137952208518982,0.5625,"[0.5625, 0.125, 0.21875, 0.09375]",0.8208590149879456,0.011496367864310741,0.00965825468301773,0.017339086160063744,-0.0072267428040504456,0.051701951771974564,0.04091586545109749,0.5034011602401733,0.6033178567886353,0.0350981131196022,0.4994586706161499,0.6217703819274902,0.03836377337574959,0.49838364124298096,0.0437772274017334,0.2599606513977051,0.6261606216430664,0.49838364124298096,0.044758234173059464,"[0.5060520768165588, 0.5005142688751221, 0.4948267936706543, 0.4921416640281677]","[0.03361332044005394, 0.044296108186244965, 0.05473722144961357, 0.040551379323005676]",0.4961743950843811,0.6049415469169617,0.04757542535662651,0.0017103861318901181,0.031458381563425064,0.5,0.28125,0.21875,0.0,0.0026417833287268877,0.001
195043,120,3.088517904281616,True,16,6,3,0,False,0,24,1.2399159669876099,1.1205861568450928,0.46875,"[0.46875, 0.34375, 0.15625, 0.03125]",0.8083320260047913,0.009850390255451202,0.010973437689244747,0.01954769156873226,0.020284004509449005,0.048700593411922455,0.03763611987233162,0.5008217096328735,0.6426008939743042,0.05712830275297165,0.5207843780517578,0.6930979490280151,0.06254179030656815,0.4954836666584015,0.06742563843727112,0.23434332013130188,0.7042396068572998,0.4954836666584015,0.0491747222840786,"[0.4998564124107361, 0.5058034062385559, 0.4956604838371277, 0.4806145429611206]","[0.05680939555168152, 0.06981116533279419, 0.0600958988070488, 0.08095970004796982]",0.5211056470870972,0.6826849579811096,0.07033372670412064,0.005529162939637899,0.026929177343845367,0.25,0.40625,0.34375,0.0,0.002709071384742856,0.001
195091,121,9.172068119049072,False,38,5,6,0,False,0,48,-1.087999939918518,1.0181995630264282,0.65625,"[0.125, 0.09375, 0.65625, 0.125]",0.7344757318496704,0.01270874124020338,0.01248563639819622,0.014552838169038296,-0.013446485623717308,0.28302791714668274,0.0935823917388916,0.477608859539032,0.5421596765518188,0.03729306161403656,0.5037627220153809,0.600607693195343,0.045908741652965546,0.47277453541755676,0.03831138834357262,0.3905249238014221,0.5790665745735168,0.47277453541755676,0.037486523389816284,"[0.4714917242527008, 0.47421783208847046, 0.47959017753601074, 0.46579843759536743]","[0.033569078892469406, 0.036822933703660965, 0.04361347854137421, 0.03906543180346489]",0.46416234970092773,1.0809886455535889,0.29351699352264404,-0.0027384753338992596,0.26746895909309387,0.3125,0.25,0.4375,0.0625,0.07778232544660568,0.001
195129,122,5.922603607177734,False,29,4,6,0,False,0,38,-1.190999984741211,1.1366320848464966,0.53125,"[0.09375, 0.28125, 0.09375, 0.53125]",0.8199067115783691,0.007665223442018032,0.011040672659873962,0.008385873399674892,0.0067911287769675255,0.0447881855070591,0.03513224795460701,0.4838375151157379,0.5617475509643555,0.03506382182240486,0.4958532750606537,0.6067041754722595,0.04036736860871315,0.48164403438568115,0.033925700932741165,0.40782055258750916,0.5617475509643555,0.48164403438568115,0.021175656467676163,"[0.4814516305923462, 0.48716726899147034, 0.47791412472724915, 0.4800430238246918]","[0.032722894102334976, 0.03370819613337517, 0.035055071115493774, 0.03508235141634941]",0.4906286299228668,0.6435241103172302,0.056099094450473785,-0.00026612699730321765,0.030841127038002014,0.46875,0.25,0.28125,0.0,0.0019894142169505358,0.001
195177,123,9.415210008621216,True,42,6,1,0,False,0,48,1.4306272268295288,1.214823842048645,0.5,"[0.09375, 0.1875, 0.21875, 0.5]",0.8763101696968079,0.01402321457862854,0.010206446051597595,0.01489684171974659,0.008797668851912022,0.058076001703739166,0.03964845836162567,0.49186116456985474,0.5724422335624695,0.03245118632912636,0.5116258859634399,0.6419340372085571,0.04349797964096069,0.4841688871383667,0.0351221039891243,0.3585461378097534,0.5845646858215332,0.4841688871383667,0.03868686407804489,"[0.47718101739883423, 0.48308753967285156, 0.48621684312820435, 0.49018996953964233]","[0.030551794916391373, 0.03745456039905548, 0.03682256489992142, 0.03561042621731758]",0.5006588697433472,0.6355146765708923,0.06323529034852982,-0.005850751884281635,0.03684274107217789,0.28125,0.34375,0.375,0.0,0.00334482011385262,0.001
195204,124,4.5147385597229,True,19,6,4,0,False,0,27,1.2000000476837158,1.155646800994873,0.53125,"[0.0625, 0.1875, 0.21875, 0.53125]",0.833622932434082,0.012262135744094849,0.012446737848222256,0.013890894129872322,-0.029340770095586777,0.2733670771121979,0.07993396371603012,0.47190648317337036,0.524095356464386,0.02778424695134163,0.497851699590683,0.5745022892951965,0.02919965796172619,0.46634960174560547,0.02799009345471859,0.4072658121585846,0.5310859680175781,0.46634960174560547,0.03489174693822861,"[0.4579613208770752, 0.46558400988578796, 0.4639655351638794, 0.47788751125335693]","[0.024627629667520523, 0.023115692660212517, 0.028318950906395912, 0.03240768983960152]",0.4425657391548157,0.571847677230835,0.26621246337890625,-0.03489401936531067,0.17760702967643738,0.21875,0.3125,0.46875,0.03125,0.07325514405965805,0.001
195242,125,5.764368057250977,True,29,6,4,0,False,0,38,1.1165179014205933,1.1851904392242432,0.5,"[0.28125, 0.09375, 0.125, 0.5]",0.8549341559410095,0.01255288626998663,0.012492888607084751,0.014858333393931389,0.03452001512050629,0.10167253762483597,0.055139876902103424,0.4785785675048828,0.5880492925643921,0.039511580020189285,0.5108604431152344,0.5934324264526367,0.03734683617949486,0.47495830059051514,0.03487639129161835,0.39549165964126587,0.5880492925643921,0.47495830059051514,0.03907974809408188,"[0.4743748605251312, 0.4685077965259552, 0.4765413701534271, 0.48040905594825745]","[0.031128864735364914, 0.03613695502281189, 0.03222398832440376, 0.039916571229696274]",0.5130985975265503,1.0540000200271606,0.11207228153944016,0.023945258930325508,0.19088323414325714,0.25,0.3125,0.4375,0.03125,0.011205896735191345,0.001
195278,126,6.468788146972656,True,26,6,5,0,False,0,36,1.075563907623291,1.302525520324707,0.34375,"[0.09375, 0.28125, 0.34375, 0.28125]",0.9395735263824463,0.018617471680045128,0.023305928334593773,0.014268921688199043,0.029226552695035934,0.0962633490562439,0.05153445154428482,0.48509716987609863,0.6757051348686218,0.046867966651916504,0.5019301772117615,0.6566992402076721,0.04377331957221031,0.47745686769485474,0.04090571030974388,0.4029238820075989,0.6757051348686218,0.47745686769485474,0.036630891263484955,"[0.47030389308929443, 0.48038971424102783, 0.47897985577583313, 0.48015403747558594]","[0.029358405619859695, 0.042656511068344116, 0.038298241794109344, 0.05133412033319473]",0.5143237113952637,0.996299684047699,0.10463826358318329,0.03407799080014229,0.17805160582065582,0.15625,0.46875,0.375,0.03125,0.009831241331994534,0.001
195308,127,4.942007780075073,True,22,6,4,0,False,0,30,1.1646497249603271,1.1636656522750854,0.5625,"[0.125, 0.15625, 0.15625, 0.5625]",0.8394073247909546,0.016001112759113312,0.01941905915737152,0.01263967715203762,-0.050551339983940125,0.2542038857936859,0.08047402650117874,0.49914780259132385,0.570652961730957,0.029978180304169655,0.5014387965202332,0.588683009147644,0.037099190056324005,0.4946724772453308,0.03180844709277153,0.4111517071723938,0.5905336141586304,0.4946724772453308,0.0326080322265625,"[0.4909777045249939, 0.4963870644569397, 0.4924379289150238, 0.49888718128204346]","[0.03003799542784691, 0.030534548684954643, 0.036632273346185684, 0.030460502952337265]",0.44859644770622253,0.5827961564064026,0.26474955677986145,-0.03323335945606232,0.1750323325395584,0.375,0.21875,0.40625,0.03125,0.06515569239854813,0.001
195334,128,3.3131630420684814,True,18,6,3,0,False,0,26,1.2722419500350952,1.051331877708435,0.46875,"[0.46875, 0.03125, 0.40625, 0.09375]",0.7583756446838379,0.019113902002573013,0.02025197260081768,0.03094159997999668,-0.043424274772405624,0.2870658040046692,0.08756829798221588,0.5042820572853088,0.6561978459358215,0.05177740752696991,0.5012938380241394,0.5903898477554321,0.04013931006193161,0.48978301882743835,0.07649554312229156,-0.12911605834960938,0.6953421831130981,0.491800457239151,0.07745733112096786,"[0.5033799409866333, 0.46093839406967163, 0.5106077790260315, 0.484205961227417]","[0.05215437710285187, 0.11627378314733505, 0.064156673848629, 0.045687396079301834]",0.4608577489852905,1.0240000486373901,0.29861828684806824,-0.002117621712386608,0.2674846351146698,0.34375,0.28125,0.375,0.0625,0.08171723037958145,0.001
195357,129,2.725118637084961,False,14,4,6,0,False,0,23,-1.1780000925064087,1.1092555522918701,0.53125,"[0.53125, 0.03125, 0.21875, 0.21875]",0.8001587390899658,0.013007105328142643,0.013687027618288994,0.016633279621601105,-0.0065472908318042755,0.04871627315878868,0.034441009163856506,0.4907979667186737,0.6468340754508972,0.06346609443426132,0.49547910690307617,0.5838861465454102,0.04146071523427963,0.486197829246521,0.05724573880434036,0.24782222509384155,0.6468340754508972,0.486197829246521,0.0428854376077652,"[0.4855876564979553, 0.48192209005355835, 0.49165666103363037, 0.4856250286102295]","[0.06463467329740524, 0.056191813200712204, 0.04969839006662369, 0.05974939838051796]",0.4842506945133209,0.5963314771652222,0.05379630625247955,-0.006273625418543816,0.03070794604718685,0.3125,0.25,0.4375,0.0,0.002341977320611477,0.001
195390,130,5.5111024379730225,True,26,6,2,0,False,0,33,1.399999976158142,1.1803045272827148,0.5,"[0.5, 0.0625, 0.1875, 0.25]",0.8514097332954407,0.009559659287333488,0.009276436641812325,0.01060038898140192,-0.024495599791407585,0.2591049373149872,0.08072555065155029,0.47285011410713196,0.5471642017364502,0.03212544322013855,0.5007066130638123,0.5884979963302612,0.04387380927801132,0.4723847508430481,0.031320616602897644,0.3656940162181854,0.5591403245925903,0.4723847508430481,0.027926288545131683,"[0.474248468875885, 0.47117429971694946, 0.47072941064834595, 0.4733867049217224]","[0.027767587453126907, 0.03693113103508949, 0.029395658522844315, 0.03179376199841499]",0.4483545422554016,0.5826130509376526,0.2684536278247833,-0.03419740870594978,0.1781611442565918,0.4375,0.3125,0.25,0.03125,0.06563742458820343,0.001
195412,131,2.681175947189331,False,14,4,6,0,False,0,22,-1.2000000476837158,1.180453896522522,0.53125,"[0.21875, 0.15625, 0.09375, 0.53125]",0.8515174984931946,0.017464879900217056,0.021439215168356895,0.01767328940331936,0.0036738626658916473,0.051789142191410065,0.04136594012379646,0.5032439827919006,0.6379551291465759,0.04551320895552635,0.5080469846725464,0.671561598777771,0.04823019728064537,0.4974195063114166,0.04731771722435951,0.410712867975235,0.696288526058197,0.4974195063114166,0.04588004946708679,"[0.49861982464790344, 0.4974099397659302, 0.49364715814590454, 0.5000011920928955]","[0.03926077112555504, 0.049935244023799896, 0.052609652280807495, 0.04844348132610321]",0.5069178938865662,0.7209780812263489,0.06160293519496918,0.003951384220272303,0.027779383584856987,0.3125,0.40625,0.28125,0.0,0.0026117961388081312,0.001
195441,132,3.919783115386963,False,21,5,6,0,False,0,29,-1.100000023841858,0.8803384304046631,0.65625,"[0.15625, 0.0, 0.1875, 0.65625]",0.6350299715995789,0.01184200681746006,0.011381563730537891,0.01673555187880993,0.022631773725152016,0.09998543560504913,0.04999104142189026,0.4782804250717163,0.531998336315155,0.029210630804300308,0.49358659982681274,0.588683009147644,0.04395686462521553,0.4722178876399994,0.0405312217772007,0.17348359525203705,0.5357190370559692,0.4722178876399994,0.042921002954244614,"[0.4715462923049927, 0.4568450152873993, 0.4744516611099243, 0.48602864146232605]","[0.024954779073596, 0.06254598498344421, 0.02976604923605919, 0.02937491610646248]",0.5009121894836426,1.017431378364563,0.10810716450214386,0.027803443372249603,0.18232344090938568,0.34375,0.3125,0.34375,0.03125,0.010196875780820847,0.001
195479,133,6.464690685272217,False,28,5,6,0,False,0,38,-1.0010000467300415,1.1047760248184204,0.53125,"[0.1875, 0.03125, 0.25, 0.53125]",0.7969274520874023,0.01582442969083786,0.01949223503470421,0.015308432281017303,0.01596302166581154,0.04884340986609459,0.0402933731675148,0.4811633825302124,0.5878323316574097,0.03984478488564491,0.4997791349887848,0.6165497303009033,0.043693847954273224,0.4767162799835205,0.03948928788304329,0.3723052144050598,0.6038861274719238,0.4767162799835205,0.039062656462192535,"[0.4745755195617676, 0.46909910440444946, 0.47625434398651123, 0.48693615198135376]","[0.03770553320646286, 0.04273822903633118, 0.0422893725335598, 0.03433964028954506]",0.49712640047073364,0.6273842453956604,0.05348211154341698,0.0023450118023902178,0.024745645001530647,0.1875,0.46875,0.34375,0.0,0.0025659443344920874,0.001
195505,134,3.4688916206359863,True,16,6,5,0,False,0,26,1.0533074140548706,1.1459345817565918,0.53125,"[0.53125, 0.0625, 0.15625, 0.25]",0.8266170620918274,0.010557657107710838,0.005973918363451958,0.01154782809317112,0.033928919583559036,0.10561639815568924,0.05230426788330078,0.47589555382728577,0.5434804558753967,0.03239009529352188,0.494331032037735,0.5625084042549133,0.03880710527300835,0.47099393606185913,0.03427405282855034,0.3955738842487335,0.5554006695747375,0.47099393606185913,0.029691841453313828,"[0.4754636585712433, 0.4670114517211914, 0.46798112988471985, 0.473519504070282]","[0.032395657151937485, 0.03610255941748619, 0.03515330329537392, 0.034219104796648026]",0.5098245143890381,0.9897802472114563,0.10025253891944885,0.03400946781039238,0.17596465349197388,0.28125,0.375,0.34375,0.03125,0.011957406997680664,0.001
195542,135,5.595276594161987,True,29,6,3,0,False,0,37,1.2092063426971436,1.3369524478912354,0.3125,"[0.28125, 0.125, 0.28125, 0.3125]",0.9644073247909546,0.015707295387983322,0.01962130516767502,0.017335519194602966,-0.00815628096461296,0.2560041546821594,0.08868834376335144,0.483068585395813,0.598002552986145,0.05981602519750595,0.5037844181060791,0.5742737054824829,0.039951782673597336,0.48555809259414673,0.043546877801418304,0.22310888767242432,0.598002552986145,0.48555809259414673,0.046246353536844254,"[0.48695534467697144, 0.4790279269218445, 0.49206674098968506, 0.48418229818344116]","[0.03695973381400108, 0.05965181067585945, 0.036523547023534775, 0.03766684979200363]",0.47491228580474854,0.9776896834373474,0.299675852060318,0.007369525730609894,0.2635028064250946,0.1875,0.5,0.3125,0.0625,0.06355658173561096,0.001
195574,136,4.442972183227539,False,22,5,6,0,False,0,32,-1.100000023841858,0.9984281063079834,0.46875,"[0.0625, 0.03125, 0.4375, 0.46875]",0.7202136516571045,0.013711371459066868,0.01734398864209652,0.013748452067375183,-0.030328456312417984,0.2598099410533905,0.07746338844299316,0.4818371832370758,0.556728720664978,0.032289206981658936,0.5018182396888733,0.5746863484382629,0.03138338774442673,0.47708383202552795,0.03199172765016556,0.4112532138824463,0.5768884420394897,0.47708383202552795,0.0343996100127697,"[0.4695461690425873, 0.4687664210796356, 0.4858627915382385, 0.4841599464416504]","[0.030447518453001976, 0.028703100979328156, 0.03134119138121605, 0.03461844101548195]",0.4515087604522705,0.5689395070075989,0.2663273811340332,-0.02954532392323017,0.17641571164131165,0.28125,0.4375,0.28125,0.03125,0.06631161272525787,0.001
195603,137,4.025907278060913,True,21,6,4,0,False,0,29,1.1205883026123047,1.1494773626327515,0.5625,"[0.1875, 0.09375, 0.5625, 0.15625]",0.829172670841217,0.014794828370213509,0.022360580042004585,0.012842681258916855,0.027189044281840324,0.09681515395641327,0.05123648792505264,0.4882775843143463,0.5383298397064209,0.030501551926136017,0.5105761885643005,0.672242283821106,0.05495752394199371,0.4827406108379364,0.03244711086153984,0.37479183077812195,0.5595096945762634,0.4827406108379364,0.032764680683612823,"[0.48148950934410095, 0.4747459888458252, 0.48865729570388794, 0.4860696792602539]","[0.03064098209142685, 0.03842867910861969, 0.030887216329574585, 0.028780614957213402]",0.5154666304588318,1.0072182416915894,0.10583004355430603,0.026440098881721497,0.18097691237926483,0.28125,0.28125,0.4375,0.03125,0.009819505736231804,0.001
195641,138,5.701765060424805,True,28,6,5,0,False,0,38,1.100000023841858,1.155646800994873,0.53125,"[0.21875, 0.53125, 0.0625, 0.1875]",0.833622932434082,0.015581291168928146,0.013903695158660412,0.013961913995444775,0.012188663706183434,0.04239713028073311,0.03593066334724426,0.48345547914505005,0.5654879808425903,0.02728431485593319,0.5063015818595886,0.6924450397491455,0.04960871860384941,0.47621387243270874,0.04086635261774063,0.37679800391197205,0.6441218256950378,0.47621387243270874,0.03593071177601814,"[0.4762898087501526, 0.48011288046836853, 0.4712880551815033, 0.4771646559238434]","[0.036323703825473785, 0.0456070713698864, 0.04573749750852585, 0.036177899688482285]",0.49564412236213684,0.685520589351654,0.05240495875477791,-0.005594442132860422,0.01780051738023758,0.40625,0.1875,0.40625,0.0,0.0018899078713729978,0.001
195675,139,5.688085317611694,False,24,5,6,0,False,0,34,-1.0720000267028809,1.210590124130249,0.4375,"[0.34375, 0.4375, 0.09375, 0.125]",0.8732562065124512,0.010209099389612675,0.011997763067483902,0.028728017583489418,-0.02860722690820694,0.2726821005344391,0.08140067011117935,0.4852508306503296,0.5762138366699219,0.03841422498226166,0.505152702331543,0.6669849157333374,0.04772872105240822,0.4671512544155121,0.0870787724852562,-0.23532089591026306,0.5797216892242432,0.4717490077018738,0.0709160566329956,"[0.4785272479057312, 0.48294928669929504, 0.47550100088119507, 0.43162745237350464]","[0.03294109180569649, 0.045255497097969055, 0.03746261075139046, 0.15736012160778046]",0.45664361119270325,0.6603150963783264,0.27086618542671204,-0.02730683982372284,0.17969490587711334,0.25,0.3125,0.4375,0.03125,0.0728502944111824,0.001
195699,140,2.9718387126922607,True,17,6,2,0,False,0,24,1.3443708419799805,1.187786340713501,0.40625,"[0.28125, 0.03125, 0.28125, 0.40625]",0.856806755065918,0.012349329888820648,0.012400071136653423,0.01256672851741314,-0.03340407460927963,0.2599996030330658,0.07426795363426208,0.4807453751564026,0.5970878005027771,0.047106631100177765,0.5000454187393188,0.6218234300613403,0.044553205370903015,0.4825546145439148,0.04331151768565178,0.4037191867828369,0.6049257516860962,0.4825546145439148,0.033116765320301056,"[0.48642951250076294, 0.47236642241477966, 0.4897902309894562, 0.4816322326660156]","[0.036516521126031876, 0.04567268118262291, 0.043372295796871185, 0.04697779193520546]",0.44734129309654236,0.6172112226486206,0.2692680358886719,-0.03244651481509209,0.17808546125888824,0.34375,0.28125,0.375,0.03125,0.06660312414169312,0.001
195732,141,5.300679922103882,True,25,6,2,0,False,0,33,1.3862875699996948,1.2542290687561035,0.4375,"[0.1875, 0.4375, 0.28125, 0.09375]",0.9047350287437439,0.0156826414167881,0.014509965665638447,0.0175558440387249,-0.021289115771651268,0.2732354998588562,0.08921138942241669,0.4809539318084717,0.5664414167404175,0.04397934302687645,0.4971533417701721,0.5720893740653992,0.03666367381811142,0.47236207127571106,0.044498052448034286,0.322269082069397,0.5760664343833923,0.47236207127571106,0.04543249309062958,"[0.4753037095069885, 0.4772709608078003, 0.4761018753051758, 0.4607718884944916]","[0.03817426785826683, 0.052726373076438904, 0.04444391652941704, 0.041381288319826126]",0.45966485142707825,1.0390000343322754,0.2876891493797302,-0.001441773260012269,0.26067811250686646,0.375,0.25,0.375,0.0625,0.07277782261371613,0.001
195765,142,4.773451805114746,True,24,6,4,0,False,0,33,1.1738182306289673,1.0361058712005615,0.46875,"[0.34375, 0.1875, 0.46875, 0.0]",0.7473924160003662,0.0173723753541708,0.014075645245611668,0.020922284573316574,-0.023944009095430374,0.2592203617095947,0.08354612439870834,0.49143898487091064,0.5800305604934692,0.05342291668057442,0.5262125730514526,0.6122387647628784,0.04204092547297478,0.4898051619529724,0.04954911768436432,0.29123756289482117,0.6543744802474976,0.4898051619529724,0.05502626299858093,"[0.5018819570541382, 0.49159491062164307, 0.5001198053359985, 0.46562403440475464]","[0.04181375727057457, 0.06273742765188217, 0.042596131563186646, 0.041133590042591095]",0.4674949645996094,0.606331467628479,0.2672874331474304,-0.03875713050365448,0.1731715202331543,0.25,0.1875,0.5625,0.03125,0.06566866487264633,0.001
195840,143,19.93503975868225,True,68,6,2,0,False,0,75,1.3709924221038818,1.2023437023162842,0.34375,"[0.03125, 0.34375, 0.3125, 0.3125]",0.8673076629638672,0.011553606949746609,0.012296611443161964,0.016429968178272247,-0.06848282366991043,0.3713899850845337,0.1343192756175995,0.48158809542655945,0.5650784373283386,0.041365377604961395,0.5078456997871399,0.6444475650787354,0.05058685690164566,0.47680509090423584,0.04047542065382004,0.3438357710838318,0.5746188163757324,0.47680509090423584,0.0415353924036026,"[0.4724835455417633, 0.4844343662261963, 0.48268377780914307, 0.4676187038421631]","[0.03699256479740143, 0.0431620217859745, 0.03911934792995453, 0.04180549830198288]",0.4131052792072296,0.6380031108856201,0.37666529417037964,-0.05878263711929321,0.24955429136753082,0.25,0.34375,0.40625,0.0625,0.13831010460853577,0.001
195875,144,5.5654520988464355,False,26,3,6,0,False,0,35,-1.2000000476837158,0.8655258417129517,0.71875,"[0.125, 0.71875, 0.125, 0.03125]",0.6243449449539185,0.01503171119838953,0.01426274050027132,0.021364564076066017,0.0035156691446900368,0.046008672565221786,0.03645975515246391,0.4835514426231384,0.582840621471405,0.04664073511958122,0.49595966935157776,0.5585513710975647,0.034764084964990616,0.47474321722984314,0.0669512078166008,-0.13457074761390686,0.6081366539001465,0.4768458902835846,0.054648131132125854,"[0.47506460547447205, 0.4903102219104767, 0.4808560609817505, 0.4527420997619629]","[0.040683209896087646, 0.036461666226387024, 0.03451696038246155, 0.11575471609830856]",0.4870671033859253,0.6032198667526245,0.05168318375945091,-0.003933016210794449,0.03323226794600487,0.25,0.28125,0.46875,0.0,0.002063008025288582,0.001
195915,145,7.070064306259155,True,30,6,5,0,False,0,40,1.0570755004882812,1.0181996822357178,0.65625,"[0.125, 0.65625, 0.09375, 0.125]",0.7344757914543152,0.016146421432495117,0.015568516217172146,0.01586846448481083,-0.02087494358420372,0.2699463665485382,0.09045781195163727,0.4836239516735077,0.6170289516448975,0.04629088565707207,0.4999060034751892,0.6025018692016602,0.04375172033905983,0.4782576560974121,0.04334474354982376,0.3993052840232849,0.6170289516448975,0.4782576560974121,0.0413796566426754,"[0.4735327661037445, 0.49306076765060425, 0.46534591913223267, 0.48109108209609985]","[0.03706689178943634, 0.04441319778561592, 0.04531469568610191, 0.043212853372097015]",0.46274906396865845,1.0410000085830688,0.29104605317115784,1.7405254766345024e-06,0.2633861303329468,0.28125,0.40625,0.3125,0.0625,0.07102958112955093,0.001
195949,146,4.806373596191406,True,25,6,3,0,False,0,34,1.2621212005615234,0.9387549161911011,0.46875,"[0.4375, 0.46875, 0.09375, 0.0]",0.6771685481071472,0.022160876542329788,0.021049203351140022,0.020444579422473907,0.00751914456486702,0.31989696621894836,0.12810590863227844,0.4913458526134491,0.6067193150520325,0.044616952538490295,0.5122454166412354,0.6036676168441772,0.03606073930859566,0.481383353471756,0.043520376086235046,0.24504908919334412,0.6067193150520325,0.481383353471756,0.05362815409898758,"[0.48700445890426636, 0.4982261061668396, 0.4767363369464874, 0.4635666310787201]","[0.03157130628824234, 0.04672887921333313, 0.032519616186618805, 0.053348954766988754]",0.4988650381565094,1.090000033378601,0.31542280316352844,0.03993230313062668,0.32803037762641907,0.3125,0.40625,0.28125,0.09375,0.09919267892837524,0.001
196011,147,14.34651231765747,True,53,6,4,0,False,0,62,1.2000000476837158,1.2770930528640747,0.40625,"[0.09375, 0.21875, 0.28125, 0.40625]",0.9212279319763184,0.014275897294282913,0.014242401346564293,0.02501862496137619,0.005752771161496639,0.04670519009232521,0.037702880799770355,0.4872545897960663,0.6429535150527954,0.04993772506713867,0.5063300132751465,0.6397737860679626,0.040923312306404114,0.47107869386672974,0.07200423628091812,-0.1725911796092987,0.6429535150527954,0.47377538681030273,0.06250594556331635,"[0.4716953635215759, 0.4739285111427307, 0.4585806429386139, 0.480110228061676]","[0.044200461357831955, 0.03979004919528961, 0.12095759063959122, 0.053087618201971054]",0.4930073618888855,0.5897510647773743,0.049095626920461655,-0.008259376510977745,0.034173548221588135,0.25,0.28125,0.46875,0.0,0.002146301092579961,0.001
196059,148,9.122907400131226,True,39,6,5,0,False,0,48,1.100000023841858,1.2883386611938477,0.4375,"[0.4375, 0.25, 0.15625, 0.15625]",0.9293398857116699,0.015901073813438416,0.01531939022243023,0.02083071693778038,-0.027701959013938904,0.28656259179115295,0.0895635262131691,0.5041010975837708,0.6026255488395691,0.043368853628635406,0.5100117325782776,0.6341009140014648,0.04207085445523262,0.49512815475463867,0.0535147599875927,0.07656502723693848,0.6265406012535095,0.49512815475463867,0.05337090045213699,"[0.4961388111114502, 0.5022516250610352, 0.4820845127105713, 0.500037670135498]","[0.0351446270942688, 0.04140591248869896, 0.08190468698740005, 0.042667899280786514]",0.47639912366867065,1.0929577350616455,0.2957839071750641,0.004450819455087185,0.2700081169605255,0.28125,0.3125,0.40625,0.0625,0.08031932264566422,0.001
196092,149,5.36890435218811,True,20,6,5,0,False,0,33,1.100000023841858,0.9854965209960938,0.65625,"[0.65625, 0.09375, 0.0625, 0.1875]",0.7108854651451111,0.01609993353486061,0.014273357577621937,0.016188737004995346,-0.04805361479520798,0.2638951241970062,0.0779133141040802,0.49497783184051514,0.6669265627861023,0.0473947636783123,0.5018619298934937,0.5939397215843201,0.03675253316760063,0.4892573058605194,0.042735569179058075,0.39758315682411194,0.6669265627861023,0.4892573058605194,0.041004277765750885,"[0.4992407560348511, 0.4868251383304596, 0.48441967368125916, 0.4865435063838959]","[0.035757195204496384, 0.047324392944574356, 0.036170803010463715, 0.05014782398939133]",0.44692420959472656,0.5880003571510315,0.27255165576934814,-0.03584320470690727,0.18335896730422974,0.34375,0.21875,0.4375,0.03125,0.06977353990077972,0.001
196119,150,3.942729949951172,True,18,6,5,0,False,0,27,1.100000023841858,0.8739813566207886,0.71875,"[0.71875, 0.0625, 0.0625, 0.15625]",0.6304442882537842,0.014226049184799194,0.011436867527663708,0.017049111425876617,-0.08976521342992783,0.3674820363521576,0.1258726716041565,0.4834548234939575,0.563841700553894,0.040001291781663895,0.4870716333389282,0.596204400062561,0.03542317450046539,0.47444599866867065,0.04796144366264343,0.2010209709405899,0.5849395990371704,0.47444599866867065,0.04317990690469742,"[0.48794272541999817, 0.47368812561035156, 0.45996928215026855, 0.4761838912963867]","[0.035185061395168304, 0.03468644618988037, 0.06917408108711243, 0.04230289161205292]",0.3936895728111267,0.63924241065979,0.3727347254753113,-0.05752769112586975,0.25231361389160156,0.21875,0.40625,0.375,0.0625,0.13888074457645416,0.001
196155,151,7.763298273086548,True,26,6,5,0,False,0,36,1.0176271200180054,1.2606103420257568,0.34375,"[0.3125, 0.28125, 0.0625, 0.34375]",0.909338116645813,0.015046828426420689,0.017323097214102745,0.015611709095537663,-0.04783018305897713,0.3990618884563446,0.1748804897069931,0.4786403775215149,0.6005998253822327,0.04964574798941612,0.4954114556312561,0.6061939001083374,0.03837279602885246,0.473143994808197,0.04186394438147545,0.377260684967041,0.6005998253822327,0.473143994808197,0.03984929621219635,"[0.47830456495285034, 0.4706118106842041, 0.4659386873245239, 0.47772085666656494]","[0.03582692891359329, 0.04220438003540039, 0.04586079344153404, 0.043619368225336075]",0.43081024289131165,1.029210090637207,0.4066973626613617,-0.0002458430826663971,0.36819642782211304,0.15625,0.375,0.46875,0.125,0.15656155347824097,0.001
196206,152,16.23628568649292,True,41,6,4,0,False,0,51,1.1676586866378784,1.2051116228103638,0.5,"[0.15625, 0.25, 0.09375, 0.5]",0.8693042993545532,0.013461404480040073,0.013349894434213638,0.01621238887310028,-0.035649728029966354,0.2895246148109436,0.09630431979894638,0.4957618713378906,0.5988889336585999,0.04122236743569374,0.49784034490585327,0.6021565198898315,0.03874759003520012,0.48911774158477783,0.04670371115207672,0.23824313282966614,0.6062531471252441,0.48911774158477783,0.041983142495155334,"[0.489778995513916, 0.49473074078559875, 0.4808109998703003, 0.4911502003669739]","[0.037980642169713974, 0.04132387042045593, 0.0378275103867054, 0.06516483426094055]",0.46011215448379517,1.0160000324249268,0.2872266471385956,0.000508767319843173,0.25801122188568115,0.21875,0.40625,0.375,0.0625,0.08247588574886322,0.001
196245,153,9.557788848876953,False,29,5,6,0,False,0,39,-1.0399999618530273,1.2317943572998047,0.46875,"[0.28125, 0.46875, 0.125, 0.125]",0.8885518312454224,0.009199383668601513,0.00961451604962349,0.011671703308820724,-0.08486653864383698,0.3609398901462555,0.13000690937042236,0.49144989252090454,0.6381751894950867,0.04477179795503616,0.5073987245559692,0.5984175801277161,0.04223988205194473,0.4860987961292267,0.04212864860892296,0.4095604121685028,0.6381751894950867,0.4860987961292267,0.029524553567171097,"[0.4904550611972809, 0.4866143465042114, 0.48280957341194153, 0.4845161736011505]","[0.04437233507633209, 0.04045888036489487, 0.04343419522047043, 0.04177412763237953]",0.406583309173584,0.6003120541572571,0.37834206223487854,-0.06762845814228058,0.25229814648628235,0.34375,0.21875,0.4375,0.0625,0.13340875506401062,0.001
196273,154,5.316048622131348,True,18,6,5,0,False,0,28,1.0897351503372192,1.133913278579712,0.5,"[0.25, 0.5, 0.03125, 0.21875]",0.8179455399513245,0.01673206314444542,0.017871174961328506,0.018646935001015663,-0.03494957834482193,0.26652273535728455,0.08491829037666321,0.5009167194366455,0.5931596159934998,0.04373790696263313,0.5160626769065857,0.6292003989219666,0.04323164001107216,0.49284127354621887,0.04533138498663902,0.37896472215652466,0.636197030544281,0.49284127354621887,0.048184797167778015,"[0.49928075075149536, 0.4960200786590576, 0.4851621389389038, 0.49090203642845154]","[0.040517836809158325, 0.057159870862960815, 0.03945325314998627, 0.04283817112445831]",0.46596717834472656,0.6419827938079834,0.2766284644603729,-0.03060082718729973,0.1823858916759491,0.1875,0.375,0.4375,0.03125,0.07003601640462875,0.001
196309,155,8.952603578567505,True,27,6,5,0,False,0,36,1.0011869668960571,1.1459345817565918,0.53125,"[0.15625, 0.53125, 0.0625, 0.25]",0.8266170620918274,0.00789894349873066,0.009929378516972065,0.010856346227228642,0.026176320388913155,0.11307578533887863,0.06181053817272186,0.48344483971595764,0.5472793579101562,0.033344924449920654,0.50098717212677,0.6056986451148987,0.041315872222185135,0.4815804660320282,0.03624160960316658,0.4177761971950531,0.5891022682189941,0.4815804660320282,0.027536258101463318,"[0.48185455799102783, 0.4859909415245056, 0.47503089904785156, 0.4834454655647278]","[0.03399026766419411, 0.038455162197351456, 0.03493618220090866, 0.038186684250831604]",0.5096211433410645,1.0273125171661377,0.11369018256664276,0.028634265065193176,0.1865328699350357,0.28125,0.28125,0.4375,0.03125,0.013071767054498196,0.001
196333,156,4.5296947956085205,True,15,6,3,0,False,0,24,1.243728756904602,1.0867239236831665,0.59375,"[0.0625, 0.1875, 0.15625, 0.59375]",0.7839056253433228,0.011670331470668316,0.01461727637797594,0.017347801476716995,0.040866293013095856,0.10165759921073914,0.057535603642463684,0.5001269578933716,0.6882028579711914,0.0538775697350502,0.5232288837432861,0.8002163171768188,0.0764167383313179,0.49891334772109985,0.0671302080154419,0.38543081283569336,0.8037488460540771,0.49891334772109985,0.04376860335469246,"[0.4928620159626007, 0.5029131174087524, 0.4909302592277527, 0.5089479684829712]","[0.07017238438129425, 0.06902877986431122, 0.059961557388305664, 0.07038041949272156]",0.5409932136535645,1.00600004196167,0.1167869120836258,0.03766174614429474,0.17793992161750793,0.28125,0.4375,0.28125,0.03125,0.011681375093758106,0.001
196360,157,4.8714234828948975,True,19,6,3,0,False,0,27,1.2128099203109741,1.143275260925293,0.5,"[0.125, 0.5, 0.0625, 0.3125]",0.8246987462043762,0.017995592206716537,0.01940198987722397,0.018583253026008606,-0.04877259582281113,0.28344541788101196,0.08208105713129044,0.5045138597488403,0.6262508630752563,0.042188648134469986,0.507423996925354,0.7066041231155396,0.04628825560212135,0.4922139644622803,0.04459599405527115,0.38066622614860535,0.6974163055419922,0.4922139644622803,0.04738713055849075,"[0.4905528426170349, 0.5015765428543091, 0.4840814471244812, 0.4926449656486511]","[0.03976818919181824, 0.04287021607160568, 0.04282882437109947, 0.052270516753196716]",0.455741286277771,0.6999183297157288,0.28906193375587463,-0.031640373170375824,0.19699041545391083,0.3125,0.46875,0.21875,0.03125,0.0802094116806984,0.001
196379,158,4.317107915878296,True,13,6,1,0,False,0,19,1.454081654548645,1.082195520401001,0.375,"[0.375, 0.25, 0.0, 0.375]",0.7806390523910522,0.01674075424671173,0.017810512334108353,0.020113283768296242,0.013186734169721603,0.05546018108725548,0.038935717195272446,0.48050394654273987,0.5791016817092896,0.04246743768453598,0.4949217438697815,0.6237292289733887,0.04408016428351402,0.47984206676483154,0.040223512798547745,0.4029924273490906,0.5927259922027588,0.47984206676483154,0.05186133831739426,"[0.48888206481933594, 0.4886629581451416, 0.46027684211730957, 0.48154670000076294]","[0.03758162260055542, 0.04336630180478096, 0.03266006335616112, 0.04130111634731293]",0.4936906695365906,0.6114919781684875,0.058368656784296036,0.0037181475199759007,0.034659963101148605,0.21875,0.3125,0.46875,0.0,0.003153601661324501,0.001
196406,159,4.242364406585693,False,18,4,6,0,False,0,27,-1.1999999284744263,0.786431610584259,0.71875,"[0.21875, 0.71875, 0.03125, 0.03125]",0.5672904849052429,0.009954256005585194,0.01107070967555046,0.018679462373256683,0.013377777300775051,0.04750894382596016,0.03758640214800835,0.502374529838562,0.7297124266624451,0.06564035266637802,0.5209912061691284,0.7194268703460693,0.055232323706150055,0.49143704771995544,0.0651068389415741,0.1407153308391571,0.7297124266624451,0.49143704771995544,0.04669886827468872,"[0.5026206970214844, 0.5030795335769653, 0.4888380765914917, 0.47120988368988037]","[0.06473854929208755, 0.06000352278351784, 0.053034424781799316, 0.07786739617586136]",0.5157523155212402,0.714567244052887,0.065055251121521,-2.8987706173211336e-05,0.031366053968667984,0.375,0.3125,0.3125,0.0,0.0023655302356928587,0.001
196476,160,20.56641983985901,True,63,6,2,0,False,0,70,1.3475861549377441,1.3344719409942627,0.34375,"[0.1875, 0.3125, 0.34375, 0.15625]",0.9626179933547974,0.01543106883764267,0.018744565546512604,0.020905476063489914,-0.0426807776093483,0.28991541266441345,0.09981932491064072,0.5027316808700562,0.6148914694786072,0.06334666162729263,0.5154737234115601,0.6425377130508423,0.0467449426651001,0.4997181296348572,0.049615949392318726,0.25034815073013306,0.621933102607727,0.4997181296348572,0.05292823165655136,"[0.4983181059360504, 0.5080163478851318, 0.5022845268249512, 0.4902536869049072]","[0.05888030305504799, 0.04619456082582474, 0.04417228326201439, 0.04858822003006935]",0.4600509703159332,0.6284383535385132,0.29114899039268494,-0.03515366092324257,0.19837482273578644,0.1875,0.4375,0.375,0.03125,0.08324599266052246,0.001
196502,161,3.935732126235962,True,17,6,4,0,False,0,26,1.118881106376648,1.2542290687561035,0.4375,"[0.1875, 0.28125, 0.09375, 0.4375]",0.9047350287437439,0.01659131795167923,0.011872230097651482,0.02135797031223774,0.0481930747628212,0.10500519722700119,0.06602074950933456,0.49637115001678467,0.5556039810180664,0.027716314420104027,0.5234631299972534,0.6473661065101624,0.04291989654302597,0.4864594638347626,0.053250476717948914,0.011488556861877441,0.6084649562835693,0.4864594638347626,0.05346902832388878,"[0.49025872349739075, 0.4918889105319977, 0.4862854480743408, 0.4774048924446106]","[0.03251306712627411, 0.02912183105945587, 0.027995094656944275, 0.09379749745130539]",0.5445641875267029,1.034999966621399,0.10063738375902176,0.04170871526002884,0.18263815343379974,0.1875,0.59375,0.21875,0.03125,0.013004099018871784,0.001
196525,162,3.857909679412842,True,15,6,3,0,False,0,23,1.2999999523162842,0.8949224948883057,0.59375,"[0.3125, 0.0, 0.09375, 0.59375]",0.6455501317977905,0.021188821643590927,0.017807846888899803,0.02316017635166645,0.006318703293800354,0.10293763875961304,0.044049281626939774,0.5031484365463257,0.7290723323822021,0.05194424092769623,0.5016946792602539,0.5690845251083374,0.03374515101313591,0.4878324866294861,0.06351790577173233,0.09203612804412842,0.7290723323822021,0.4878324866294861,0.05868126451969147,"[0.4985378682613373, 0.48897120356559753, 0.4872162938117981, 0.4766046404838562]","[0.057855185121297836, 0.04293740168213844, 0.03397376835346222, 0.09966600686311722]",0.5094671845436096,1.0169999599456787,0.10092591494321823,0.0284403208643198,0.18218384683132172,0.28125,0.34375,0.375,0.03125,0.010304955765604973,0.001
196549,163,2.958317756652832,False,15,4,6,0,False,0,24,-1.11899995803833,1.214823842048645,0.5,"[0.21875, 0.1875, 0.09375, 0.5]",0.8763101696968079,0.012931624427437782,0.013656750321388245,0.012497489340603352,-0.014459983445703983,0.2864161729812622,0.09980932623147964,0.49120813608169556,0.5898703336715698,0.03306302800774574,0.4981748163700104,0.5709487795829773,0.03217063099145889,0.4845151901245117,0.030282102525234222,0.4232442080974579,0.5898703336715698,0.4845151901245117,0.0326453372836113,"[0.4843408763408661, 0.4839169979095459, 0.4815598130226135, 0.4882429540157318]","[0.029998574405908585, 0.0296271201223135, 0.024350648745894432, 0.0369102880358696]",0.47674816846847534,1.0171818733215332,0.2993358075618744,0.031034177169203758,0.3108857572078705,0.3125,0.3125,0.375,0.09375,0.07967974245548248,0.001
196605,164,11.51298713684082,False,46,5,6,0,False,0,56,-1.0010000467300415,1.1883498430252075,0.53125,"[0.53125, 0.125, 0.125, 0.21875]",0.8572131991386414,0.012665280140936375,0.012375150807201862,0.020234372466802597,0.03348163515329361,0.09839913249015808,0.0518990121781826,0.4818979501724243,0.5682967901229858,0.09986318647861481,0.513916552066803,0.5741817355155945,0.03046882338821888,0.4843910336494446,0.058420732617378235,-0.0340481698513031,0.5682967901229858,0.48492303490638733,0.0511956550180912,"[0.4962754547595978, 0.4864901006221771, 0.4825269877910614, 0.4722716212272644]","[0.03384753316640854, 0.03588847815990448, 0.035837434232234955, 0.09979332238435745]",0.5153795480728149,0.627533495426178,0.04387735202908516,0.006602172739803791,0.028811251744627953,0.3125,0.375,0.3125,0.0,0.010500834323465824,0.001
196663,165,11.89703893661499,True,49,6,5,0,False,0,58,1.100000023841858,1.2238984107971191,0.46875,"[0.09375, 0.15625, 0.46875, 0.28125]",0.8828560709953308,0.01403726264834404,0.01300897728651762,0.016708817332983017,0.024041276425123215,0.0916505828499794,0.048172272741794586,0.5065746903419495,0.6363592147827148,0.046245258301496506,0.5179029107093811,0.7352542281150818,0.05739738419651985,0.4970223605632782,0.05102207884192467,0.26054179668426514,0.719049870967865,0.4970223605632782,0.04323504865169525,"[0.49518534541130066, 0.49864572286605835, 0.4981982111930847, 0.4960601329803467]","[0.04275349900126457, 0.04706213250756264, 0.0694500133395195, 0.042312417179346085]",0.5306159853935242,1.0190000534057617,0.10883699357509613,0.03506513312458992,0.18154795467853546,0.25,0.40625,0.34375,0.03125,0.008715317584574223,0.001
196694,166,4.18839955329895,False,22,5,6,0,False,0,31,-1.100000023841858,1.0947169065475464,0.53125,"[0.0625, 0.3125, 0.09375, 0.53125]",0.7896713018417358,0.013220759108662605,0.016622060909867287,0.016323478892445564,-0.08647920936346054,0.3577374219894409,0.1288439929485321,0.49335038661956787,0.60809326171875,0.038805872201919556,0.5094141960144043,0.6831673383712769,0.05503421276807785,0.48820582032203674,0.04310532659292221,0.23701544106006622,0.60809326171875,0.48820582032203674,0.0425458662211895,"[0.4777669310569763, 0.48948201537132263, 0.48919859528541565, 0.49637582898139954]","[0.03328748419880867, 0.05855270102620125, 0.0339520238339901, 0.04169877618551254]",0.4068712294101715,0.6763356924057007,0.3666529059410095,-0.06447677314281464,0.24002844095230103,0.34375,0.25,0.40625,0.0625,0.13145548105239868,0.001
196725,167,5.131209135055542,False,22,4,6,0,False,0,31,-1.1369999647140503,1.1644492149353027,0.53125,"[0.125, 0.25, 0.09375, 0.53125]",0.8399725556373596,0.011880163103342056,0.010071002878248692,0.014135343953967094,0.020454877987504005,0.10419086366891861,0.05796029418706894,0.49516576528549194,0.5623239874839783,0.03625739365816116,0.4995046854019165,0.6179561018943787,0.04059300944209099,0.4959782063961029,0.039005834609270096,0.4140876233577728,0.6144402027130127,0.4959782063961029,0.03655919432640076,"[0.48873230814933777, 0.5028272867202759, 0.4913010597229004, 0.50105220079422]","[0.034378957003355026, 0.03574623167514801, 0.039731793105602264, 0.045199133455753326]",0.5156205892562866,1.0260000228881836,0.10529591888189316,0.03729153051972389,0.18302825093269348,0.34375,0.40625,0.25,0.03125,0.010934896767139435,0.001
196762,168,5.363387107849121,True,28,6,5,0,False,0,37,1.020596981048584,1.199874997138977,0.53125,"[0.125, 0.1875, 0.15625, 0.53125]",0.8655268549919128,0.017811914905905724,0.017049351707100868,0.02449428290128708,-0.027872849255800247,0.24687393009662628,0.09880528599023819,0.5063362121582031,0.6938183307647705,0.07345584779977798,0.5155220627784729,0.6389082074165344,0.04695969447493553,0.5024504065513611,0.05467910319566727,0.24260929226875305,0.6938183307647705,0.5024504065513611,0.06287012249231339,"[0.5034847259521484, 0.5049669742584229, 0.4933483302593231, 0.5080013871192932]","[0.04447402432560921, 0.04523263871669769, 0.07392802834510803, 0.05132542923092842]",0.47846338152885437,1.0880000591278076,0.29453080892562866,0.001363122253678739,0.2682653069496155,0.1875,0.375,0.4375,0.0625,0.059819042682647705,0.001
196788,169,4.09607720375061,True,18,6,3,0,False,0,26,1.2454955577850342,1.3284968137741089,0.375,"[0.375, 0.28125, 0.15625, 0.1875]",0.9583078622817993,0.010656863451004028,0.011976204812526703,0.01429111510515213,0.025501228868961334,0.04078717902302742,0.0354122593998909,0.4881790578365326,0.583624005317688,0.03833078220486641,0.5159646272659302,0.6245185136795044,0.04215865954756737,0.4799199104309082,0.039677754044532776,0.35826730728149414,0.597090482711792,0.4799199104309082,0.036814428865909576,"[0.4823443293571472, 0.4868282079696655, 0.48148027062416077, 0.4690267741680145]","[0.035996612161397934, 0.03746461123228073, 0.04283590614795685, 0.04165392369031906]",0.5136802792549133,0.6182733178138733,0.0435035414993763,0.0028752628713846207,0.021570544689893723,0.25,0.4375,0.3125,0.0,0.0022619194351136684,0.001
196816,170,3.6638457775115967,True,18,6,5,0,False,0,28,1.0610440969467163,1.298050880432129,0.4375,"[0.15625, 0.4375, 0.21875, 0.1875]",0.9363457560539246,0.014963221736252308,0.021229268983006477,0.019566496834158897,0.007888372987508774,0.06675004959106445,0.04528135806322098,0.4943650960922241,0.6292797327041626,0.06588217616081238,0.508389949798584,0.6556383371353149,0.04531976580619812,0.49141186475753784,0.05313210189342499,0.30542683601379395,0.6506962180137634,0.49141186475753784,0.05123216658830643,"[0.485720694065094, 0.49869972467422485, 0.48807692527770996, 0.4931498169898987]","[0.049813829362392426, 0.04614272341132164, 0.05971081554889679, 0.057327721267938614]",0.5022534728050232,0.6355264186859131,0.050983816385269165,-0.0010526359546929598,0.02564285136759281,0.25,0.40625,0.34375,0.0,0.004378558602184057,0.001
196905,171,26.64728546142578,True,81,6,3,0,False,0,89,1.244106411933899,1.143275260925293,0.5,"[0.5, 0.0625, 0.3125, 0.125]",0.8246987462043762,0.009618469513952732,0.007574792020022869,0.01615535095334053,0.01309722289443016,0.10953176766633987,0.05527966469526291,0.5023453235626221,0.6709620356559753,0.0584515817463398,0.5041962265968323,0.617978036403656,0.0457407683134079,0.4972299337387085,0.0602685883641243,0.17558246850967407,0.6709620356559753,0.4972299337387085,0.04056821018457413,"[0.5033029913902283, 0.4839591085910797, 0.5047841668128967, 0.4968733489513397]","[0.05632602423429489, 0.0744079202413559, 0.05061511695384979, 0.057712819427251816]",0.5154424905776978,1.0541455745697021,0.11647836863994598,0.03170720487833023,0.1894599050283432,0.34375,0.3125,0.34375,0.03125,0.0117938332259655,0.001
196927,172,3.5824127197265625,False,13,3,6,0,False,0,22,-1.2790000438690186,1.251155972480774,0.375,"[0.3125, 0.375, 0.25, 0.0625]",0.9025182723999023,0.013621166348457336,0.013745686039328575,0.02340758964419365,-0.016815781593322754,0.2677701711654663,0.09554173052310944,0.486664354801178,0.5558014512062073,0.05022555589675903,0.5014744400978088,0.5903385877609253,0.03080212138593197,0.48042774200439453,0.05051081255078316,0.21506530046463013,0.5900387763977051,0.48042774200439453,0.05877731367945671,"[0.49020659923553467, 0.4773367643356323, 0.4882398247718811, 0.46592777967453003]","[0.03702564537525177, 0.06815961748361588, 0.043237969279289246, 0.04666385427117348]",0.4698486328125,1.0520591735839844,0.29706814885139465,0.004541449248790741,0.26868003606796265,0.09375,0.5,0.40625,0.0625,0.06974298506975174,0.001
196955,173,3.7831878662109375,True,18,6,5,0,False,0,28,1.0191919803619385,1.2770930528640747,0.40625,"[0.40625, 0.21875, 0.28125, 0.09375]",0.9212279319763184,0.011658942326903343,0.010630198754370213,0.01563623920083046,0.01092363242059946,0.034207575023174286,0.02899414673447609,0.48886245489120483,0.7307206392288208,0.05412350967526436,0.5047826170921326,0.7602845430374146,0.0553043857216835,0.48580068349838257,0.04960738867521286,0.36815375089645386,0.7307206392288208,0.48580068349838257,0.039808087050914764,"[0.49376463890075684, 0.48889681696891785, 0.48727965354919434, 0.4732614755630493]","[0.05323359742760658, 0.05656810104846954, 0.04231581464409828, 0.04491549730300903]",0.4997860789299011,0.8275214433670044,0.06824055314064026,5.1191309466958046e-05,0.018265821039676666,0.34375,0.28125,0.375,0.0,0.001252916525118053,0.001
196984,174,3.907151699066162,False,20,4,6,0,False,0,29,-1.1689999103546143,1.0446066856384277,0.5,"[0.5, 0.375, 0.03125, 0.09375]",0.7535244226455688,0.009233383461833,0.012061061337590218,0.016119087114930153,0.016347914934158325,0.07111016660928726,0.047331541776657104,0.4707435667514801,0.5267783999443054,0.06967727839946747,0.49022337794303894,0.6361222267150879,0.042406268417835236,0.47882282733917236,0.04767043888568878,0.13504421710968018,0.5909338593482971,0.47882282733917236,0.04054843634366989,"[0.48051929473876953, 0.48780494928359985, 0.47973814606666565, 0.4672289490699768]","[0.03872598707675934, 0.03753146901726723, 0.03237728402018547, 0.07160535454750061]",0.4870914816856384,0.635761022567749,0.056414760649204254,0.0017703355988487601,0.029700227081775665,0.34375,0.375,0.28125,0.0,0.005165889859199524,0.001
197005,175,2.535403251647949,True,14,6,3,0,False,0,21,1.2905405759811401,1.2626252174377441,0.4375,"[0.09375, 0.25, 0.4375, 0.21875]",0.9107915759086609,0.015815678983926773,0.020191606134176254,0.020021209493279457,0.0011897264048457146,0.05798199027776718,0.0413927361369133,0.5014682412147522,0.587428629398346,0.038070403039455414,0.5091034173965454,0.6649668216705322,0.04380511865019798,0.49311453104019165,0.04231441393494606,0.28217899799346924,0.6431903839111328,0.49311453104019165,0.05253598466515541,"[0.4855020046234131, 0.49581581354141235, 0.49898210167884827, 0.49215802550315857]","[0.0475371852517128, 0.0357864685356617, 0.041510190814733505, 0.044361330568790436]",0.5026580095291138,0.6583171486854553,0.056131839752197266,-0.0013544471003115177,0.033598605543375015,0.40625,0.21875,0.375,0.0,0.003258266719058156,0.001
197037,176,4.20419716835022,False,20,5,6,0,False,0,32,-1.0130000114440918,1.3164352178573608,0.40625,"[0.40625, 0.15625, 0.25, 0.1875]",0.949607253074646,0.015111441724002361,0.019408637657761574,0.020616702735424042,-0.025351673364639282,0.26558735966682434,0.08352688699960709,0.49129462242126465,0.6016067266464233,0.04434250667691231,0.513202428817749,0.6165465116500854,0.04301219806075096,0.485153466463089,0.0506381019949913,0.17720624804496765,0.6016067266464233,0.485153466463089,0.05283518508076668,"[0.48496800661087036, 0.4864223301410675, 0.47913384437561035, 0.4900897145271301]","[0.03770322725176811, 0.049950648099184036, 0.06593093276023865, 0.04666128754615784]",0.46594297885894775,0.6062339544296265,0.2797045409679413,-0.029044339433312416,0.1883898377418518,0.25,0.40625,0.34375,0.03125,0.06897509098052979,0.001
197067,177,4.891029119491577,True,20,6,5,0,False,0,30,1.022336721420288,1.073542833328247,0.625,"[0.625, 0.125, 0.125, 0.125]",0.7743974328041077,0.01310123410075903,0.012939325533807278,0.026627376675605774,0.015948321670293808,0.04798898473381996,0.04073994606733322,0.48728039860725403,0.6182634234428406,0.04643981531262398,0.5123541355133057,0.6418617963790894,0.04668665677309036,0.48107224702835083,0.10007043927907944,-0.5276997089385986,0.6403467655181885,0.48931753635406494,0.06632795184850693,"[0.5006281137466431, 0.453088641166687, 0.48974645137786865, 0.4808255732059479]","[0.03987567126750946, 0.18317943811416626, 0.04471271112561226, 0.050996389240026474]",0.5032287240028381,0.6191931962966919,0.05443402752280235,-0.004001804161816835,0.023651663213968277,0.375,0.3125,0.3125,0.0,0.002485324628651142,0.001
197095,178,3.603450059890747,False,19,4,6,0,False,0,28,-1.1689999103546143,1.1205861568450928,0.46875,"[0.15625, 0.34375, 0.46875, 0.03125]",0.8083320260047913,0.013118419796228409,0.015323510393500328,0.01214582659304142,0.035177525132894516,0.09286214411258698,0.05153516307473183,0.4888908565044403,0.5776785016059875,0.037864428013563156,0.5123369693756104,0.5889555215835571,0.0404655747115612,0.4865478277206421,0.035979870706796646,0.3291184902191162,0.5776785016059875,0.4865478277206421,0.03196348994970322,"[0.48838603496551514, 0.4889289140701294, 0.48540472984313965, 0.4834716320037842]","[0.025722788646817207, 0.047939907759428024, 0.02890029177069664, 0.038573332130908966]",0.5240683555603027,1.0210000276565552,0.10297486186027527,0.033860303461551666,0.18197189271450043,0.375,0.28125,0.34375,0.03125,0.009591354988515377,0.001
197129,179,4.814476728439331,False,23,5,6,0,False,0,34,-1.003000020980835,1.1998748779296875,0.53125,"[0.15625, 0.1875, 0.53125, 0.125]",0.8655267953872681,0.010729415342211723,0.010476959869265556,0.016776973381638527,0.020412102341651917,0.05870206654071808,0.03739835321903229,0.4887279272079468,0.6196431517601013,0.061833783984184265,0.5196473598480225,0.6471467018127441,0.03981977328658104,0.4872256815433502,0.04229450970888138,0.23486508429050446,0.6197015047073364,0.4872256815433502,0.04239797964692116,"[0.4867974817752838, 0.4878946542739868, 0.48847535252571106, 0.4857354462146759]","[0.024572694674134254, 0.05861229449510574, 0.03173956274986267, 0.04772043600678444]",0.5091400742530823,0.6406752467155457,0.03992241621017456,-0.005310836248099804,0.01914754882454872,0.3125,0.28125,0.40625,0.0,0.003754901234060526,0.001
197169,180,6.893073081970215,True,28,6,4,0,False,0,40,1.1561475992202759,0.9585263133049011,0.65625,"[0.65625, 0.03125, 0.1875, 0.125]",0.6914305686950684,0.016253778710961342,0.016276603564620018,0.029790662229061127,-0.03200019150972366,0.27466416358947754,0.08734197169542313,0.5008369088172913,0.605019211769104,0.03575507551431656,0.5156804323196411,0.6024744510650635,0.04500556364655495,0.48806723952293396,0.08732599765062332,-0.39599937200546265,0.605019211769104,0.4942547380924225,0.07399608194828033,"[0.5120069980621338, 0.4555685222148895, 0.4914608597755432, 0.4932325482368469]","[0.034302931278944016, 0.1587892770767212, 0.039159923791885376, 0.03994765505194664]",0.4688367247581482,0.627399206161499,0.2768193483352661,-0.026733610779047012,0.18260475993156433,0.1875,0.5,0.3125,0.03125,0.07410689443349838,0.001
197215,181,8.795337200164795,True,38,6,5,0,False,0,46,1.0782772302627563,1.1666758060455322,0.5,"[0.5, 0.0625, 0.28125, 0.15625]",0.8415787220001221,0.014488252811133862,0.015756884589791298,0.015584307722747326,0.0144733265042305,0.05139743909239769,0.04226357489824295,0.490019828081131,0.6174622774124146,0.04020675644278526,0.5124115943908691,0.6123260855674744,0.03988165035843849,0.48785966634750366,0.04038079455494881,0.4046066403388977,0.6174622774124146,0.48785966634750366,0.04025273025035858,"[0.4915263056755066, 0.4865701496601105, 0.4914588928222656, 0.4818834960460663]","[0.036546193063259125, 0.04047020897269249, 0.03631690889596939, 0.04818735644221306]",0.5044931769371033,0.6062028408050537,0.051075030118227005,-0.002794313710182905,0.027737941592931747,0.28125,0.28125,0.4375,0.0,0.0027686208486557007,0.001
197247,182,5.3679821491241455,True,22,6,5,0,False,0,32,1.0742857456207275,0.9257564544677734,0.53125,"[0.0, 0.375, 0.53125, 0.09375]",0.6677921414375305,0.015632841736078262,0.01587587222456932,0.014354501850903034,0.03921337053179741,0.09315860271453857,0.0517604798078537,0.49142158031463623,0.5981510877609253,0.04414644092321396,0.5101069808006287,0.5790223479270935,0.041022177785634995,0.4833438992500305,0.04056994616985321,0.39379140734672546,0.6259466409683228,0.4833438992500305,0.036961134523153305,"[0.47303134202957153, 0.4918888807296753, 0.49045971035957336, 0.47799575328826904]","[0.03355284035205841, 0.04099169000983238, 0.04439184442162514, 0.0412222258746624]",0.5306349396705627,1.031333327293396,0.10484757274389267,0.042757514864206314,0.18297326564788818,0.25,0.53125,0.21875,0.03125,0.009945010766386986,0.001
197287,183,6.426026344299316,True,31,6,4,0,False,0,40,1.2000000476837158,1.0408397912979126,0.625,"[0.125, 0.625, 0.0625, 0.1875]",0.7508072257041931,0.013848640955984592,0.017182858660817146,0.017288988456130028,-0.07709448784589767,0.3652350604534149,0.1254287213087082,0.4975929260253906,0.5798233151435852,0.03689301386475563,0.5120488405227661,0.6177230477333069,0.04440534487366676,0.4883691668510437,0.036475349217653275,0.39907586574554443,0.5798233151435852,0.4883691668510437,0.04421767219901085,"[0.4889914393424988, 0.49940088391304016, 0.4797974228858948, 0.48528701066970825]","[0.038316819816827774, 0.0331733264029026, 0.03290221467614174, 0.03984568640589714]",0.42049843072891235,0.6318603754043579,0.3760177493095398,-0.05906455218791962,0.24901001155376434,0.25,0.34375,0.40625,0.0625,0.1351715475320816,0.001
197312,184,3.1750497817993164,True,16,6,3,0,False,0,25,1.2132701873779297,1.1847840547561646,0.5,"[0.21875, 0.0625, 0.21875, 0.5]",0.8546410202980042,0.011149386875331402,0.01181048434227705,0.014237925410270691,0.011660574935376644,0.030349047854542732,0.026866551488637924,0.48706066608428955,0.5700085163116455,0.030324723571538925,0.4979575276374817,0.5746193528175354,0.033487699925899506,0.48251861333847046,0.032605282962322235,0.38600656390190125,0.5963879823684692,0.48251861333847046,0.037015367299318314,"[0.4853248596191406, 0.4842085838317871, 0.47862446308135986, 0.48191654682159424]","[0.02910652942955494, 0.0295119471848011, 0.0392068549990654, 0.032754722982645035]",0.4987211525440216,0.5711612105369568,0.03298350051045418,0.005743266083300114,0.021064018830657005,0.21875,0.59375,0.1875,0.0,0.0010282504372298717,0.001
197342,185,5.310474634170532,True,20,6,5,0,False,0,30,1.100000023841858,1.298050880432129,0.4375,"[0.21875, 0.1875, 0.15625, 0.4375]",0.9363457560539246,0.021787745878100395,0.028774401172995567,0.017771180719137192,-0.00864775013178587,0.036707911640405655,0.0318392738699913,0.5123412013053894,0.6064930558204651,0.04173773154616356,0.5093697905540466,0.578413724899292,0.0354229211807251,0.5030393004417419,0.0416952446103096,0.4202200770378113,0.6891617774963379,0.5030393004417419,0.04618944227695465,"[0.5075045824050903, 0.505155086517334, 0.49692410230636597, 0.5025734305381775]","[0.03703133389353752, 0.043740760535001755, 0.031513750553131104, 0.05273040011525154]",0.5036934614181519,0.5955813527107239,0.04599512740969658,-0.0005826617125421762,0.022974014282226562,0.28125,0.40625,0.3125,0.0,0.0013801460154354572,0.001
197368,186,3.324850559234619,True,18,6,3,0,False,0,26,1.2693333625793457,0.9996849298477173,0.65625,"[0.15625, 0.125, 0.65625, 0.0625]",0.7211202383041382,0.00984849315136671,0.01221814937889576,0.014828764833509922,0.005605574697256088,0.06198601424694061,0.04403236135840416,0.5072603225708008,0.6981552839279175,0.04811953008174896,0.5256044268608093,0.6936264634132385,0.053477682173252106,0.5037552714347839,0.047798629850149155,0.4261834919452667,0.6981552839279175,0.5037552714347839,0.03714095428586006,"[0.5105370283126831, 0.49930107593536377, 0.5118836760520935, 0.49329936504364014]","[0.050454914569854736, 0.041384559124708176, 0.04791629686951637, 0.050562575459480286]",0.5128659009933472,0.6750560402870178,0.06634742766618729,-0.007482531480491161,0.0389585979282856,0.4375,0.21875,0.34375,0.0,0.003753617638722062,0.001
197398,187,4.084264755249023,True,22,6,3,0,False,0,30,1.2393574714660645,1.199874997138977,0.53125,"[0.15625, 0.125, 0.53125, 0.1875]",0.8655268549919128,0.018950264900922775,0.0213706623762846,0.01831997185945511,-0.041053466498851776,0.2570987641811371,0.0800938829779625,0.48764950037002563,0.6281437873840332,0.055200591683387756,0.5034680962562561,0.5953065156936646,0.044972315430641174,0.4814499020576477,0.045575425028800964,0.38864076137542725,0.6281437873840332,0.4814499020576477,0.047670379281044006,"[0.47780460119247437, 0.48434069752693176, 0.48355627059936523, 0.48009806871414185]","[0.05050070211291313, 0.04637746512889862, 0.0315818190574646, 0.05274540185928345]",0.44659605622291565,0.5902302265167236,0.26672935485839844,-0.038603972643613815,0.17600448429584503,0.125,0.34375,0.53125,0.03125,0.06571954488754272,0.001
197421,188,2.8808577060699463,True,16,6,3,0,False,0,23,1.3000000715255737,1.3209147453308105,0.40625,"[0.15625, 0.40625, 0.21875, 0.21875]",0.9528385996818542,0.006905004382133484,0.006380351725965738,0.01127705443650484,0.01526871882379055,0.04338638484477997,0.03432004526257515,0.475208044052124,0.570257306098938,0.03744282200932503,0.4990396201610565,0.559353232383728,0.03542642667889595,0.47185400128364563,0.0357787124812603,0.38228872418403625,0.570257306098938,0.47185400128364563,0.028170060366392136,"[0.4717563986778259, 0.4746782183647156, 0.473116397857666, 0.4678650498390198]","[0.031075509265065193, 0.039343155920505524, 0.02649163454771042, 0.04475104808807373]",0.4904768168926239,0.5540930032730103,0.04172951728105545,-0.0035724116023629904,0.019411595538258553,0.3125,0.3125,0.375,0.0,0.0020566878374665976,0.001
197457,189,5.285331964492798,True,27,6,3,0,False,0,36,1.2654545307159424,1.0239287614822388,0.5,"[0.1875, 0.5, 0.3125, 0.0]",0.7386084794998169,0.01100626215338707,0.016515206545591354,0.01709151268005371,0.017232179641723633,0.1127699539065361,0.0587664432823658,0.5237885117530823,0.8006876707077026,0.07621095329523087,0.5253481268882751,0.7633328437805176,0.06765080988407135,0.5134051442146301,0.06338571757078171,0.3440430462360382,0.8006876707077026,0.5134051442146301,0.04403536021709442,"[0.5189058780670166, 0.5118454098701477, 0.5276180505752563, 0.4952510595321655]","[0.05875425785779953, 0.06157455965876579, 0.07609832286834717, 0.05331883579492569]",0.5410206317901611,1.100000023841858,0.15386240184307098,0.06023238226771355,0.26799818873405457,0.3125,0.3125,0.375,0.0625,0.012616601772606373,0.001
197485,190,3.671966075897217,False,18,5,6,0,False,0,28,-1.0910000801086426,1.2684173583984375,0.4375,"[0.125, 0.4375, 0.28125, 0.15625]",0.9149697422981262,0.013253364711999893,0.016022905707359314,0.021252762526273727,-0.02936587855219841,0.28695929050445557,0.08934137970209122,0.498311847448349,0.6079683899879456,0.04482537880539894,0.5247587561607361,0.6290939450263977,0.04891052097082138,0.4838218092918396,0.05515281856060028,0.1170799732208252,0.6337308883666992,0.4838218092918396,0.055415522307157516,"[0.4902547001838684, 0.4755520224571228, 0.49200087785720825, 0.4774796962738037]","[0.044966768473386765, 0.08098365366458893, 0.037725288420915604, 0.04726793244481087]",0.4689459502696991,0.6228030323982239,0.2827530801296234,-0.03558364138007164,0.18642155826091766,0.3125,0.3125,0.375,0.03125,0.0806346982717514,0.001
197518,191,5.968189716339111,False,23,5,6,0,False,0,33,-1.003999948501587,1.067746639251709,0.53125,"[0.3125, 0.03125, 0.125, 0.53125]",0.7702164053916931,0.017269529402256012,0.019796449691057205,0.020476119592785835,0.003019910305738449,0.3095330595970154,0.1156735047698021,0.49354416131973267,0.6144978404045105,0.04419204965233803,0.520611584186554,0.6405725479125977,0.04606114700436592,0.48775357007980347,0.042555540800094604,0.3366706073284149,0.6144978404045105,0.48775357007980347,0.053724683821201324,"[0.4995846748352051, 0.48414260149002075, 0.47116464376449585, 0.4961223304271698]","[0.04316013678908348, 0.03668830543756485, 0.042611755430698395, 0.04336177557706833]",0.4965640902519226,1.100000023841858,0.32314905524253845,0.03370357304811478,0.33150750398635864,0.375,0.34375,0.28125,0.09375,0.09282573312520981,0.001
197551,192,6.122868776321411,True,24,6,4,0,False,0,33,1.2000000476837158,1.2156034708023071,0.40625,"[0.09375, 0.125, 0.375, 0.40625]",0.8768725395202637,0.019018113613128662,0.02956276386976242,0.01930951699614525,-0.035562921315431595,0.28503385186195374,0.1002684161067009,0.5022103190422058,0.5911595225334167,0.03440453112125397,0.5064724683761597,0.5983062982559204,0.03546139970421791,0.487309992313385,0.038297634571790695,0.3193047046661377,0.5911595225334167,0.487309992313385,0.050489939749240875,"[0.492012083530426, 0.48035821318626404, 0.4908888339996338, 0.4859810173511505]","[0.0331064872443676, 0.04915860667824745, 0.0332060232758522, 0.036135487258434296]",0.4666474163532257,0.9873524904251099,0.289450466632843,-0.0028416626155376434,0.2567911744117737,0.34375,0.375,0.28125,0.0625,0.07997013628482819,0.001
197579,193,4.637012720108032,True,19,6,4,0,False,0,28,1.116606593132019,0.954595685005188,0.59375,"[0.03125, 0.0625, 0.3125, 0.59375]",0.6885952353477478,0.02347884140908718,0.025393377989530563,0.020995214581489563,0.03469119220972061,0.11604487895965576,0.06269219517707825,0.4902927279472351,0.6022216081619263,0.04350389540195465,0.5145131349563599,0.7239738702774048,0.062217019498348236,0.4849073886871338,0.043447788804769516,0.39676910638809204,0.6126426458358765,0.4849073886871338,0.05554981157183647,"[0.47831156849861145, 0.4801611304283142, 0.4861801266670227, 0.4949766993522644]","[0.037703339010477066, 0.04472759738564491, 0.04552316293120384, 0.0454375259578228]",0.5249838829040527,1.0219999551773071,0.1143813356757164,0.03056112490594387,0.18299531936645508,0.375,0.28125,0.34375,0.03125,0.01424906775355339,0.001
197599,194,2.325678586959839,True,13,6,2,0,False,0,20,1.3641791343688965,1.2004978656768799,0.46875,"[0.09375, 0.125, 0.3125, 0.46875]",0.8659761548042297,0.015016507357358932,0.01730773225426674,0.019210204482078552,0.026981651782989502,0.05027318745851517,0.04477379098534584,0.4822245240211487,0.5618383884429932,0.038506295531988144,0.5149821043014526,0.6059592366218567,0.03680715709924698,0.47900232672691345,0.04070177301764488,0.34457987546920776,0.605036735534668,0.47900232672691345,0.049522627145051956,"[0.469467431306839, 0.473410040140152, 0.48817452788352966, 0.4849572777748108]","[0.03586113080382347, 0.043427783995866776, 0.03349055349826813, 0.04736737534403801]",0.5092061161994934,0.5998996496200562,0.0405907928943634,-0.0006261661183089018,0.029045581817626953,0.28125,0.375,0.34375,0.0,0.003176421858370304,0.001
197625,195,3.457057237625122,False,17,4,6,0,False,0,26,-1.187999963760376,1.1527001857757568,0.46875,"[0.03125, 0.28125, 0.21875, 0.46875]",0.8314974308013916,0.015759821981191635,0.01649177446961403,0.01774878427386284,0.012092627584934235,0.053413521498441696,0.038398899137973785,0.49641886353492737,0.7070856094360352,0.061803437769412994,0.5100095272064209,0.7244071960449219,0.05710640177130699,0.4915590286254883,0.05909644439816475,0.36706507205963135,0.7638638019561768,0.4915590286254883,0.04562761262059212,"[0.48158353567123413, 0.4999447762966156, 0.49323031306266785, 0.49147748947143555]","[0.05454942584037781, 0.058424610644578934, 0.053870078176259995, 0.06955769658088684]",0.5085115432739258,0.7891631126403809,0.07050757855176926,0.0036021065898239613,0.026256222277879715,0.34375,0.375,0.28125,0.0,0.0029100794345140457,0.001
197673,196,9.531949758529663,True,38,6,5,0,False,0,48,1.072569489479065,1.2626250982284546,0.4375,"[0.4375, 0.09375, 0.21875, 0.25]",0.9107914566993713,0.01056794635951519,0.009833412244915962,0.01450599730014801,-0.02718118205666542,0.26260143518447876,0.0771394819021225,0.48643454909324646,0.5944869518280029,0.03211459890007973,0.5067036151885986,0.5830152630805969,0.03607889264822006,0.48179250955581665,0.034676287323236465,0.38364654779434204,0.597751796245575,0.48179250955581665,0.03715015947818756,"[0.4841979742050171, 0.4805106520652771, 0.4749468266963959, 0.4875144362449646]","[0.037418872117996216, 0.029707077890634537, 0.03318369761109352, 0.038111209869384766]",0.45925334095954895,0.6162450909614563,0.26538246870040894,-0.027332086116075516,0.17383405566215515,0.375,0.28125,0.34375,0.03125,0.06754332780838013,0.001
197729,197,12.09560751914978,False,48,4,6,0,False,0,56,-1.1239999532699585,1.2542290687561035,0.4375,"[0.28125, 0.09375, 0.4375, 0.1875]",0.9047350287437439,0.018954340368509293,0.021458379924297333,0.01778687909245491,-0.012945077382028103,0.30336472392082214,0.0961480587720871,0.47505056858062744,0.6436877250671387,0.05420922487974167,0.5038651823997498,0.6361216306686401,0.048830702900886536,0.47071173787117004,0.04892502725124359,0.4003410041332245,0.7067567110061646,0.47071173787117004,0.04608622193336487,"[0.470580518245697, 0.4616847038269043, 0.47761422395706177, 0.4729674756526947]","[0.045069579035043716, 0.04921242594718933, 0.04174043610692024, 0.05892636999487877]",0.46210548281669617,1.031000018119812,0.290370911359787,-0.003356657922267914,0.2609279155731201,0.125,0.375,0.5,0.0625,0.08932178467512131,0.001
197759,198,4.088346719741821,False,20,5,6,0,False,0,30,-1.100000023841858,1.119426965713501,0.59375,"[0.59375, 0.125, 0.15625, 0.125]",0.8074958920478821,0.012072167359292507,0.013190033845603466,0.020499657839536667,-0.030102554708719254,0.2789459824562073,0.08839565515518188,0.49362120032310486,0.572590708732605,0.04045381024479866,0.5041846036911011,0.5519484281539917,0.03313055261969566,0.4825262725353241,0.04564734548330307,0.13238883018493652,0.572590708732605,0.4825262725353241,0.05330339074134827,"[0.4972589612007141, 0.48270702362060547, 0.4633994698524475, 0.48673972487449646]","[0.032268840819597244, 0.03697476163506508, 0.06506621837615967, 0.03569721803069115]",0.4635186791419983,0.6227053999900818,0.27200788259506226,-0.02081158012151718,0.18244555592536926,0.4375,0.3125,0.25,0.03125,0.07628543674945831,0.001
197810,199,8.881352663040161,True,41,6,5,0,False,0,51,1.0770318508148193,1.279405951499939,0.40625,"[0.125, 0.15625, 0.3125, 0.40625]",0.9228963255882263,0.014289334416389465,0.016304928809404373,0.023777414113283157,0.017887799069285393,0.09364508837461472,0.046143919229507446,0.4956536889076233,0.5958476662635803,0.04356278106570244,0.5027461051940918,0.584270715713501,0.04518497735261917,0.47977209091186523,0.07531984150409698,-0.2389126718044281,0.5958476662635803,0.48350510001182556,0.059961382299661636,"[0.4831385314464569, 0.4892977476119995, 0.48596030473709106, 0.46069175004959106]","[0.039271753281354904, 0.03976645693182945, 0.03585808351635933, 0.1353188306093216]",0.5135415196418762,1.0745455026626587,0.11217492818832397,0.03285323828458786,0.19086776673793793,0.46875,0.25,0.28125,0.03125,0.008815331384539604,0.001
197836,200,4.24653434753418,True,18,6,3,0,False,0,26,1.28000009059906,1.1733185052871704,0.4375,"[0.09375, 0.4375, 0.09375, 0.375]",0.8463703989982605,0.013604951091110706,0.01246256660670042,0.01751243881881237,0.01700497418642044,0.04920728877186775,0.03896067291498184,0.5023702383041382,0.6038124561309814,0.03778282552957535,0.5238067507743835,0.6658594608306885,0.03875209391117096,0.501775324344635,0.037260979413986206,0.4275646209716797,0.6722164154052734,0.501775324344635,0.04499423876404762,"[0.48622047901153564, 0.5080527067184448, 0.4981713891029358, 0.5146568417549133]","[0.03140973299741745, 0.038232605904340744, 0.03023773618042469, 0.04301314800977707]",0.519375205039978,0.7064489126205444,0.05173887684941292,0.0008065116126090288,0.021994657814502716,0.375,0.28125,0.34375,0.0,0.002634858712553978,0.001
197856,201,2.45263409614563,True,15,6,0,0,False,0,20,1.5557143688201904,1.1573731899261475,0.5625,"[0.125, 0.5625, 0.1875, 0.125]",0.8348682522773743,0.011642862111330032,0.010038954205811024,0.01118308212608099,0.04232527315616608,0.13631439208984375,0.07109683752059937,0.4987332224845886,0.6855661869049072,0.043822530657052994,0.5103333592414856,0.6764428615570068,0.047805096954107285,0.4917878806591034,0.04125971719622612,0.40385308861732483,0.6855661869049072,0.4917878806591034,0.029080498963594437,"[0.4892018437385559, 0.49697697162628174, 0.4904012680053711, 0.49057137966156006]","[0.04844624921679497, 0.03981131687760353, 0.035942867398262024, 0.041377779096364975]",0.5410584807395935,1.065313696861267,0.14260993897914886,0.06842325627803802,0.25909703969955444,0.375,0.375,0.25,0.0625,0.01979236677289009,0.001
197896,202,5.653539419174194,False,27,5,6,0,False,0,40,-1.0640000104904175,1.0656468868255615,0.625,"[0.09375, 0.625, 0.15625, 0.125]",0.7687017321586609,0.010864363051950932,0.014874301850795746,0.01586250402033329,-0.0024967221543192863,0.03584521263837814,0.026511184871196747,0.48584499955177307,0.5571222305297852,0.03573686257004738,0.49839454889297485,0.5528752207756042,0.03053334169089794,0.48372477293014526,0.0404132604598999,0.19972170889377594,0.5593722462654114,0.48372477293014526,0.04024343937635422,"[0.4821295440196991, 0.48425692319869995, 0.4852839708328247, 0.4832285940647125]","[0.03148703649640083, 0.05994291231036186, 0.03208257257938385, 0.03273257613182068]",0.4833483099937439,0.5549013018608093,0.04189402237534523,-0.010062320157885551,0.029463674873113632,0.4375,0.1875,0.375,0.0,0.0012509602820500731,0.001
197929,203,4.653390645980835,True,26,6,2,0,False,0,33,1.3134145736694336,1.2342449426651,0.5,"[0.1875, 0.125, 0.5, 0.1875]",0.8903195261955261,0.017593437805771828,0.014222923666238785,0.020761437714099884,0.03797931969165802,0.13272158801555634,0.05776142701506615,0.49841922521591187,0.5903972387313843,0.04106968268752098,0.5072647333145142,0.587550938129425,0.035632550716400146,0.490622878074646,0.03939944505691528,0.41086336970329285,0.5994555354118347,0.490622878074646,0.05234904959797859,"[0.4863888621330261, 0.4846799671649933, 0.5034980773925781, 0.48792460560798645]","[0.039793409407138824, 0.03874394670128822, 0.03346845135092735, 0.043830882757902145]",0.5363985300064087,1.0600759983062744,0.14184263348579407,0.0659552589058876,0.25981420278549194,0.125,0.5,0.375,0.0625,0.018506979569792747,0.001
197957,204,3.6722030639648438,True,20,6,3,0,False,0,28,1.268277883529663,1.316971778869629,0.375,"[0.125, 0.375, 0.21875, 0.28125]",0.9499943256378174,0.01379034761339426,0.016502363607287407,0.023669341579079628,0.03326914831995964,0.12674638628959656,0.06706104427576065,0.4965248107910156,0.6248586177825928,0.050904884934425354,0.49744713306427,0.574291467666626,0.040042322129011154,0.48704731464385986,0.05785207450389862,0.10004615783691406,0.714344322681427,0.48704731464385986,0.05906892567873001,"[0.4891960024833679, 0.4947708249092102, 0.4866792559623718, 0.47754335403442383]","[0.03846991807222366, 0.04834418743848801, 0.036729615181684494, 0.09157215803861618]",0.5297940373420715,1.031000018119812,0.1362464427947998,0.06807098537683487,0.25000321865081787,0.15625,0.5,0.34375,0.0625,0.016669459640979767,0.001
197994,205,6.021381378173828,False,23,5,6,0,False,0,37,-1.0019999742507935,1.316971778869629,0.375,"[0.21875, 0.125, 0.28125, 0.375]",0.9499943256378174,0.011615441180765629,0.014341570436954498,0.016355451196432114,0.009889003820717335,0.060595978051424026,0.03526979684829712,0.4842539131641388,0.6092642545700073,0.04060422629117966,0.5031207799911499,0.7705212831497192,0.06234472990036011,0.4838583469390869,0.04242613539099693,0.39742252230644226,0.6207259893417358,0.4838583469390869,0.0416097566485405,"[0.48544687032699585, 0.48485952615737915, 0.48756757378578186, 0.47755950689315796]","[0.03936382010579109, 0.04758797213435173, 0.041925475001335144, 0.04175442084670067]",0.494143009185791,0.7628160715103149,0.06960485875606537,-0.003946593962609768,0.028891919180750847,0.28125,0.28125,0.4375,0.0,0.0036549188662320375,0.001
198030,206,5.168638706207275,False,26,4,6,0,False,0,36,-1.1829999685287476,1.0243281126022339,0.59375,"[0.125, 0.03125, 0.25, 0.59375]",0.7388965487480164,0.021317604929208755,0.02327989600598812,0.017759932205080986,0.025299858301877975,0.08839666843414307,0.040039144456386566,0.4960770010948181,0.5960564017295837,0.03832921013236046,0.5036371946334839,0.5851030945777893,0.037370532751083374,0.49156448245048523,0.042828645557165146,0.3745822310447693,0.6822344064712524,0.49156448245048523,0.04713303595781326,"[0.49015137553215027, 0.4793761968612671, 0.49314576387405396, 0.5035843849182129]","[0.04338722303509712, 0.03720160201191902, 0.03953791409730911, 0.04876372218132019]",0.52137690782547,1.0103061199188232,0.10007071495056152,0.040877629071474075,0.17880059778690338,0.28125,0.5625,0.15625,0.03125,0.008209867402911186,0.001
198096,207,14.665238857269287,True,56,6,5,0,False,0,66,1.0771875381469727,1.085817575454712,0.59375,"[0.09375, 0.59375, 0.21875, 0.09375]",0.7832518219947815,0.014009200967848301,0.011883449740707874,0.012724068015813828,0.012823694385588169,0.09453348070383072,0.05423863232135773,0.5070269703865051,0.5861024856567383,0.03615046292543411,0.5097972750663757,0.6610694527626038,0.0532066784799099,0.4995039701461792,0.034787409007549286,0.40848952531814575,0.6291526556015015,0.4995039701461792,0.03234932944178581,"[0.4953395128250122, 0.5096083879470825, 0.49831992387771606, 0.4947481155395508]","[0.02910168282687664, 0.03565716743469238, 0.03226684033870697, 0.04062251001596451]",0.5198506116867065,0.9528442621231079,0.0957244485616684,0.030562855303287506,0.16995728015899658,0.25,0.46875,0.28125,0.03125,0.0088217593729496,0.001
198137,208,7.211028814315796,False,30,5,6,0,False,0,41,-1.100000023841858,0.6722158789634705,0.8125,"[0.09375, 0.8125, 0.0625, 0.03125]",0.4849012494087219,0.020793654024600983,0.015078341588377953,0.01969839632511139,0.005200455896556377,0.052437394857406616,0.03923143073916435,0.5071401596069336,0.644474983215332,0.05030987411737442,0.523283839225769,0.7397611737251282,0.062385208904743195,0.5035035610198975,0.06016184389591217,0.4182986617088318,0.7511892318725586,0.5035035610198975,0.049853332340717316,"[0.500685453414917, 0.5239478349685669, 0.5018972754478455, 0.48748376965522766]","[0.05791563540697098, 0.06133599579334259, 0.06452564150094986, 0.05330056697130203]",0.5123405456542969,0.7204673290252686,0.07128860801458359,-0.005710455123335123,0.03289346769452095,0.25,0.3125,0.4375,0.0,0.002690797671675682,0.001
198163,209,3.2091193199157715,False,16,5,6,0,False,0,26,-1.003999948501587,0.9507489204406738,0.6875,"[0.125, 0.6875, 0.125, 0.0625]",0.6858204007148743,0.007831552065908909,0.007783529814332724,0.015088925138115883,-0.002116769552230835,0.05303673818707466,0.04236320033669472,0.5027908086776733,0.6839404106140137,0.045795001089572906,0.5045951008796692,0.6919429898262024,0.054051876068115234,0.4954066276550293,0.04712774604558945,0.3986854553222656,0.7216683626174927,0.4954066276550293,0.03850484639406204,"[0.49423032999038696, 0.5076872110366821, 0.49638089537620544, 0.4833281338214874]","[0.04846491664648056, 0.04796701297163963, 0.0381159707903862, 0.05184441804885864]",0.5006740093231201,0.6730483174324036,0.059840306639671326,0.0011248611845076084,0.029614945873618126,0.3125,0.40625,0.28125,0.0,0.002729472704231739,0.001
198196,210,4.412867784500122,False,24,5,6,0,False,0,33,-1.100000023841858,1.1847840547561646,0.5,"[0.0625, 0.21875, 0.21875, 0.5]",0.8546410202980042,0.009429238736629486,0.01395407784730196,0.011386286467313766,0.03459174931049347,0.1089145764708519,0.05471161752939224,0.4962148070335388,0.8082742691040039,0.0683290958404541,0.5209601521492004,0.8783272504806519,0.07781130075454712,0.48857390880584717,0.06392759084701538,0.401758074760437,0.8082742691040039,0.48857390880584717,0.02917460724711418,"[0.48442894220352173, 0.4921802878379822, 0.4859485626220703, 0.4917377531528473]","[0.06820280104875565, 0.06783157587051392, 0.05132394656538963, 0.06933210045099258]",0.5308066010475159,1.025630235671997,0.12059315294027328,0.030063115060329437,0.18396149575710297,0.21875,0.40625,0.375,0.03125,0.012688273563981056,0.001
198235,211,5.7489845752716064,True,29,6,5,0,False,0,39,1.052091360092163,1.2290122509002686,0.5,"[0.15625, 0.21875, 0.125, 0.5]",0.886544942855835,0.018573587760329247,0.015343003906309605,0.017949899658560753,0.021023981273174286,0.10749901086091995,0.05236143246293068,0.49042749404907227,0.5960491299629211,0.0409151129424572,0.5021706223487854,0.6024401783943176,0.037017904222011566,0.4855027496814728,0.046125758439302444,0.37551891803741455,0.659522294998169,0.4855027496814728,0.04711565375328064,"[0.48056256771087646, 0.48663175106048584, 0.4796738624572754, 0.49514269828796387]","[0.04157158359885216, 0.04200593754649162, 0.05297435075044632, 0.04753687232732773]",0.5114514827728271,1.0230000019073486,0.10312453657388687,0.03158686310052872,0.18330137431621552,0.25,0.375,0.375,0.03125,0.011636918410658836,0.001
198268,212,5.456099987030029,False,20,4,6,0,False,0,33,-1.0920000076293945,1.3164352178573608,0.40625,"[0.15625, 0.25, 0.40625, 0.1875]",0.949607253074646,0.020290613174438477,0.02245503105223179,0.02257176861166954,-0.056297142058610916,0.2796890437602997,0.08521774411201477,0.5048936009407043,0.6173381805419922,0.046454161405563354,0.5047966241836548,0.6045501232147217,0.04122872278094292,0.49026012420654297,0.054843757301568985,0.25633007287979126,0.7057349681854248,0.49026012420654297,0.057571183890104294,"[0.48783278465270996, 0.49568992853164673, 0.4900168776512146, 0.48750096559524536]","[0.050991397351026535, 0.05705798417329788, 0.06416022777557373, 0.0480179637670517]",0.4485964775085449,0.6287075877189636,0.2875715494155884,-0.03465242311358452,0.1961524486541748,0.1875,0.3125,0.5,0.03125,0.07895075529813766,0.001
198294,213,4.360687255859375,False,17,4,6,0,False,0,26,-1.1639999151229858,0.9585263729095459,0.65625,"[0.1875, 0.65625, 0.125, 0.03125]",0.6914306282997131,0.01893026754260063,0.01908096857368946,0.019841374829411507,0.026193121448159218,0.13981828093528748,0.06572225689888,0.5131434202194214,0.6066354513168335,0.038919754326343536,0.5141911506652832,0.6044868230819702,0.035587213933467865,0.5046541094779968,0.03782546520233154,0.4090409576892853,0.6066354513168335,0.5046541094779968,0.05176817625761032,"[0.5084362030029297, 0.5188230872154236, 0.4961954355239868, 0.495161771774292]","[0.033671826124191284, 0.0367540679872036, 0.03481132909655571, 0.04214468225836754]",0.5393365621566772,1.1314641237258911,0.14483173191547394,0.06311286240816116,0.26394715905189514,0.375,0.28125,0.34375,0.0625,0.019624322652816772,0.001
198342,214,8.008291959762573,False,38,5,6,0,False,0,48,-1.0199999809265137,1.140824556350708,0.46875,"[0.1875, 0.3125, 0.03125, 0.46875]",0.8229309916496277,0.019785258919000626,0.02933366782963276,0.02390105277299881,-0.03202308714389801,0.25476136803627014,0.07496540993452072,0.49765998125076294,0.9644675850868225,0.08987092971801758,0.5120809674263,0.9201244115829468,0.08129901438951492,0.48588240146636963,0.0809650868177414,0.11757668852806091,0.9644675850868225,0.48588240146636963,0.06163980811834335,"[0.48973363637924194, 0.4817347526550293, 0.48203009366989136, 0.4900311827659607]","[0.06675193458795547, 0.08534269779920578, 0.050170402973890305, 0.11195243149995804]",0.46563684940338135,1.0210000276565552,0.28304344415664673,4.77468129247427e-05,0.25655680894851685,0.25,0.40625,0.34375,0.0625,0.06390060484409332,0.001
198373,215,5.413347005844116,False,22,4,6,0,False,0,31,-1.1549999713897705,1.192075490951538,0.4375,"[0.15625, 0.34375, 0.0625, 0.4375]",0.859900712966919,0.016336441040039062,0.013035502284765244,0.013004271313548088,0.02264704555273056,0.03810741752386093,0.035201407968997955,0.4727499485015869,0.5291403532028198,0.03615296259522438,0.49859732389450073,0.5962564945220947,0.03379135578870773,0.47332078218460083,0.038377560675144196,0.40466028451919556,0.5697512626647949,0.47332078218460083,0.034244295209646225,"[0.471243292093277, 0.4774194359779358, 0.4646669030189514, 0.4799536168575287]","[0.040441084653139114, 0.03412807360291481, 0.035851724445819855, 0.042471323162317276]",0.4953969717025757,0.5984588265419006,0.03755779564380646,0.001785667845979333,0.024156691506505013,0.25,0.40625,0.34375,0.0,0.0019196835346519947,0.001
198397,216,4.13551139831543,True,17,6,3,0,False,0,24,1.3000000715255737,1.2074873447418213,0.46875,"[0.25, 0.0625, 0.21875, 0.46875]",0.8710179924964905,0.01940704509615898,0.01608782447874546,0.015388661995530128,-0.012274395674467087,0.2734554708003998,0.10580296814441681,0.4903288781642914,0.5989024043083191,0.043571021407842636,0.5131279230117798,0.6289706230163574,0.03770431876182556,0.48146429657936096,0.03670070692896843,0.40198442339897156,0.5989024043083191,0.48146429657936096,0.040383290499448776,"[0.4805840253829956, 0.4765341877937317, 0.4823705554008484, 0.48636847734451294]","[0.03975019231438637, 0.031983762979507446, 0.033176571130752563, 0.041986044496297836]",0.4780544936656952,1.0263773202896118,0.28452375531196594,0.002034571021795273,0.255845308303833,0.28125,0.34375,0.375,0.0625,0.07259175181388855,0.001
198421,217,2.965620517730713,False,16,3,6,0,False,0,24,-1.274999976158142,1.1851904392242432,0.5,"[0.09375, 0.125, 0.5, 0.28125]",0.8549341559410095,0.011414136737585068,0.010501950047910213,0.014068206772208214,0.024441085755825043,0.08607874810695648,0.047328922897577286,0.4900168776512146,0.5466147661209106,0.03190234303474426,0.5031419396400452,0.5877034664154053,0.03486325591802597,0.4818268120288849,0.0363803431391716,0.41166308522224426,0.5726356506347656,0.4818268120288849,0.03665052354335785,"[0.47508004307746887, 0.47974956035614014, 0.486087441444397, 0.4863901734352112]","[0.04253586754202843, 0.03146866708993912, 0.03592803701758385, 0.035215385258197784]",0.5144580006599426,0.9495430588722229,0.08993382751941681,0.0339859314262867,0.16862700879573822,0.28125,0.40625,0.3125,0.03125,0.00777537003159523,0.001
198467,218,7.952762603759766,True,36,6,5,0,False,0,46,1.0187251567840576,0.872438907623291,0.625,"[0.09375, 0.28125, 0.625, 0.0]",0.629331648349762,0.014903525821864605,0.020267091691493988,0.02269011363387108,-0.039772212505340576,0.27897486090660095,0.08844029158353806,0.4954821467399597,0.5502693057060242,0.02817104011774063,0.4997932016849518,0.5908533334732056,0.035923346877098083,0.4818512797355652,0.05185174196958542,0.09589281678199768,0.6428908705711365,0.4818512797355652,0.057852648198604584,"[0.4866105914115906, 0.48299646377563477, 0.49584800004959106, 0.46194982528686523]","[0.04178396984934807, 0.07666990160942078, 0.03015768527984619, 0.04295499250292778]",0.45570993423461914,0.5982621312141418,0.27903836965560913,-0.023918908089399338,0.19019894301891327,0.3125,0.40625,0.28125,0.03125,0.0769767016172409,0.001
198508,219,9.013875484466553,False,32,4,6,0,False,0,41,-1.187999963760376,1.3284968137741089,0.375,"[0.1875, 0.375, 0.28125, 0.15625]",0.9583078622817993,0.011446095071732998,0.013023418374359608,0.017195362597703934,0.030681747943162918,0.09222908318042755,0.05253901705145836,0.49556779861450195,0.7147884368896484,0.07033462822437286,0.5133020877838135,0.6787874698638916,0.05551568418741226,0.4934477210044861,0.06342129409313202,0.16993989050388336,0.7147884368896484,0.4934477210044861,0.04356031119823456,"[0.49305805563926697, 0.49842506647109985, 0.4917335510253906, 0.4905741214752197]","[0.06987102329730988, 0.05529746785759926, 0.07702823728322983, 0.05067431926727295]",0.5262495279312134,0.9957963228225708,0.10822628438472748,0.034407276660203934,0.17767708003520966,0.46875,0.3125,0.21875,0.03125,0.009181753732264042,0.001
198537,220,3.674010992050171,True,20,6,3,0,False,0,29,1.2620339393615723,1.3028063774108887,0.40625,"[0.15625, 0.40625, 0.15625, 0.28125]",0.9397761225700378,0.009745354764163494,0.01030024141073227,0.02987966686487198,-0.04492424055933952,0.2682228088378906,0.08198093622922897,0.5061746835708618,0.6961215138435364,0.05175165459513664,0.5118188858032227,0.6220531463623047,0.0385255366563797,0.49524468183517456,0.11370876431465149,-0.662071943283081,0.6961215138435364,0.5055895447731018,0.07264012098312378,"[0.5098588466644287, 0.46955227851867676, 0.4952608346939087, 0.5063067674636841]","[0.04815061390399933, 0.21143467724323273, 0.05276375636458397, 0.04620281979441643]",0.4612504541873932,0.6115246415138245,0.2761393189430237,-0.029981285333633423,0.18471628427505493,0.21875,0.46875,0.3125,0.03125,0.07171342521905899,0.001
198573,221,6.688457250595093,True,26,6,5,0,False,0,36,1.021641731262207,1.119426965713501,0.59375,"[0.125, 0.125, 0.59375, 0.15625]",0.8074958920478821,0.015674471855163574,0.022442787885665894,0.013592081144452095,0.0036837439984083176,0.05403953418135643,0.04459284245967865,0.5067541599273682,0.6238638162612915,0.0390758253633976,0.5094228386878967,0.5973494052886963,0.04105938971042633,0.49855560064315796,0.03593185916543007,0.4125579595565796,0.6238638162612915,0.49855560064315796,0.03441677987575531,"[0.49103304743766785, 0.5030295252799988, 0.5021764636039734, 0.49798330664634705]","[0.03613454848527908, 0.03586764261126518, 0.030339563265442848, 0.04103302210569382]",0.5104378461837769,0.6039720177650452,0.051605354994535446,0.006109240464866161,0.03498174250125885,0.375,0.375,0.25,0.0,0.00284258252941072,0.001
198601,222,3.726696014404297,False,21,3,6,0,False,0,28,-1.250999927520752,0.9585263729095459,0.65625,"[0.03125, 0.65625, 0.125, 0.1875]",0.6914306282997131,0.012749646790325642,0.016240853816270828,0.018947703763842583,-0.014255411922931671,0.2892914414405823,0.10479874908924103,0.5029129981994629,0.6087237000465393,0.03697988763451576,0.508083701133728,0.6120111346244812,0.04271858558058739,0.49584534764289856,0.03839971870183945,0.32687413692474365,0.6087237000465393,0.49584534764289856,0.04881294071674347,"[0.4849390983581543, 0.5080569386482239, 0.4961344003677368, 0.4942508339881897]","[0.03867202624678612, 0.03535987436771393, 0.036490634083747864, 0.0410366989672184]",0.4886576235294342,1.0199999809265137,0.29632699489593506,0.03575659543275833,0.308053582906723,0.40625,0.375,0.21875,0.09375,0.08127745240926743,0.001
198621,223,2.536007881164551,True,13,6,2,0,False,0,20,1.3479865789413452,1.1998748779296875,0.53125,"[0.15625, 0.53125, 0.1875, 0.125]",0.8655267953872681,0.013537910766899586,0.023411009460687637,0.01782814785838127,-0.03485807031393051,0.2809504568576813,0.09602464735507965,0.4927954375743866,0.6576409339904785,0.03956592082977295,0.4991990923881531,0.6090669631958008,0.03851628303527832,0.485207200050354,0.037859007716178894,0.34135597944259644,0.6576409339904785,0.485207200050354,0.046022430062294006,"[0.4756687879562378, 0.4934125542640686, 0.48147764801979065, 0.4902697801589966]","[0.03177418187260628, 0.03505856916308403, 0.04110186547040939, 0.04170886054635048]",0.4579373598098755,0.9583073854446411,0.2854996919631958,-0.005887607112526894,0.25238582491874695,0.28125,0.3125,0.40625,0.0625,0.07768159359693527,0.001
198643,224,3.0971434116363525,True,14,6,3,0,False,0,22,1.2999999523162842,0.9016944169998169,0.6875,"[0.03125, 0.6875, 0.1875, 0.09375]",0.6504350304603577,0.010277056135237217,0.008458761498332024,0.01858508586883545,0.034631144255399704,0.10188143700361252,0.050511423498392105,0.49110427498817444,0.5800138711929321,0.034736450761556625,0.5134887099266052,0.6098161935806274,0.04790247976779938,0.4846841096878052,0.06377754360437393,-0.0027169883251190186,0.6100396513938904,0.48472657799720764,0.04663585498929024,"[0.4711589217185974, 0.4860095679759979, 0.4886133372783661, 0.49295443296432495]","[0.06849651038646698, 0.09568008035421371, 0.03437433019280434, 0.03686066344380379]",0.5257354378700256,1.0190000534057617,0.10474614799022675,0.03132070600986481,0.18109934031963348,0.46875,0.34375,0.1875,0.03125,0.011254774406552315,0.001
198679,225,5.321748733520508,True,27,6,4,0,False,0,36,1.139285683631897,1.1494773626327515,0.5625,"[0.15625, 0.5625, 0.1875, 0.09375]",0.829172670841217,0.013055557385087013,0.011270505376160145,0.01507188193500042,0.05470392480492592,0.14577989280223846,0.08150846511125565,0.48955464363098145,0.5416877865791321,0.03338080644607544,0.5119671821594238,0.6713884472846985,0.040288522839546204,0.4927554428577423,0.03368133306503296,0.39770254492759705,0.5729352235794067,0.4927554428577423,0.039063334465026855,"[0.48312368988990784, 0.5029926300048828, 0.4932093918323517, 0.4916960895061493]","[0.034095194190740585, 0.03658604249358177, 0.0314154215157032, 0.030890870839357376]",0.5442585945129395,1.003000020980835,0.15646372735500336,0.08676131069660187,0.2992861270904541,0.3125,0.3125,0.375,0.09375,0.023580176755785942,0.001
198707,226,4.298745632171631,False,18,5,6,0,False,0,28,-1.0579999685287476,1.1847840547561646,0.5,"[0.21875, 0.21875, 0.5, 0.0625]",0.8546410202980042,0.011308540590107441,0.009663817472755909,0.015299415215849876,-0.08110471069812775,0.37499767541885376,0.12632863223552704,0.4757785201072693,0.5195487141609192,0.029202735051512718,0.4971134066581726,0.6251217722892761,0.03422394394874573,0.47299259901046753,0.03634355217218399,0.26608937978744507,0.5294376015663147,0.47299259901046753,0.03860019892454147,"[0.4710298776626587, 0.47297561168670654, 0.4849614202976227, 0.46300339698791504]","[0.03324638307094574, 0.028227390721440315, 0.029115526005625725, 0.0490567572414875]",0.39467382431030273,0.6188705563545227,0.38381797075271606,-0.06870181113481522,0.2613794505596161,0.28125,0.34375,0.375,0.0625,0.1428067684173584,0.001
198735,227,4.711019992828369,True,21,6,2,0,False,0,28,1.3235293626785278,0.9984281063079834,0.46875,"[0.0625, 0.46875, 0.4375, 0.03125]",0.7202136516571045,0.011930655688047409,0.01226960588246584,0.016467664390802383,-0.02928447350859642,0.2661304175853729,0.0836465060710907,0.4880128800868988,0.5726884603500366,0.03715066239237785,0.5090287327766418,0.6291533708572388,0.043832700699567795,0.4837244749069214,0.03896523639559746,0.3458046317100525,0.617874264717102,0.4837244749069214,0.041891083121299744,"[0.4816973805427551, 0.4903462529182434, 0.4930945932865143, 0.4697597026824951]","[0.04199478030204773, 0.03337584808468819, 0.03127763792872429, 0.04497610032558441]",0.4587284326553345,0.6847179532051086,0.2700153887271881,-0.03063955344259739,0.1774778962135315,0.3125,0.3125,0.375,0.03125,0.06946969777345657,0.001
198794,228,12.931355953216553,True,49,6,4,0,False,0,59,1.1701148748397827,0.8647401332855225,0.5625,"[0.0, 0.375, 0.0625, 0.5625]",0.6237781643867493,0.018838420510292053,0.02011173404753208,0.02460670843720436,0.02673405595123768,0.1026119738817215,0.058856017887592316,0.5013049244880676,0.6515567302703857,0.05101824924349785,0.5105979442596436,0.6265813708305359,0.04151323810219765,0.48749545216560364,0.08091186732053757,-0.26631978154182434,0.6515567302703857,0.49165669083595276,0.06269180774688721,"[0.46105411648750305, 0.5020163059234619, 0.48479029536247253, 0.5021209716796875]","[0.14018265902996063, 0.043210286647081375, 0.040124405175447464, 0.05024423077702522]",0.5280389785766602,1.0123846530914307,0.09852930158376694,0.03818036615848541,0.17937298119068146,0.3125,0.46875,0.21875,0.03125,0.010914888232946396,0.001
198830,229,6.236544370651245,True,28,6,3,0,False,0,36,1.2999999523162842,1.2405372858047485,0.5,"[0.15625, 0.1875, 0.15625, 0.5]",0.8948584794998169,0.014029422774910927,0.015746481716632843,0.015279741957783699,-0.02341954968869686,0.2846232056617737,0.09088508039712906,0.49529343843460083,0.6018547415733337,0.046733878552913666,0.5076097249984741,0.6674795150756836,0.04398716613650322,0.48684513568878174,0.04548274353146553,0.39671432971954346,0.6442710161209106,0.48684513568878174,0.040379736572504044,"[0.48021572828292847, 0.4872121214866638, 0.4881599247455597, 0.49179279804229736]","[0.04448960721492767, 0.04038932919502258, 0.044130902737379074, 0.053331002593040466]",0.4718738794326782,1.0099999904632568,0.2844924330711365,0.0012293608160689473,0.2545461058616638,0.25,0.3125,0.4375,0.0625,0.07902725785970688,0.001
198851,230,2.452958345413208,True,13,6,3,0,False,0,21,1.2467741966247559,1.3164352178573608,0.40625,"[0.25, 0.1875, 0.15625, 0.40625]",0.949607253074646,0.014553514309227467,0.012672949582338333,0.019356800243258476,0.007222248241305351,0.2641833424568176,0.10937181115150452,0.493605375289917,0.6147909164428711,0.06273925304412842,0.519871175289154,0.6897261142730713,0.05108854919672012,0.4913276433944702,0.05969203636050224,0.24949337542057037,0.7555758953094482,0.4913276433944702,0.05011391639709473,"[0.4846600890159607, 0.49262967705726624, 0.4862580895423889, 0.5017627477645874]","[0.07642211019992828, 0.05528837442398071, 0.03975532948970795, 0.06271500885486603]",0.5008276104927063,1.0410000085830688,0.3051822781562805,0.03290688619017601,0.3108076751232147,0.15625,0.375,0.46875,0.09375,0.06766397505998611,0.001
198879,231,4.8251402378082275,True,18,6,4,0,False,0,28,1.1116883754730225,1.356873631477356,0.3125,"[0.28125, 0.25, 0.3125, 0.15625]",0.9787774085998535,0.012420612387359142,0.014647942036390305,0.021352019160985947,0.03749256208539009,0.10494635999202728,0.056693341583013535,0.4973033666610718,0.61900395154953,0.05558141693472862,0.5217564105987549,0.6482757329940796,0.04697411507368088,0.49071651697158813,0.06271185725927353,0.11421000957489014,0.622047483921051,0.49071651697158813,0.054500285536050797,"[0.4880548119544983, 0.4970715045928955, 0.48347657918930054, 0.49426308274269104]","[0.05371846258640289, 0.0483497716486454, 0.08949006348848343, 0.052571509033441544]",0.5347959399223328,1.0230000019073486,0.104233019053936,0.034581638872623444,0.1823950707912445,0.25,0.40625,0.34375,0.03125,0.012075252830982208,0.001
198911,232,4.67081356048584,True,23,6,4,0,False,0,32,1.1193798780441284,0.8305237293243408,0.625,"[0.3125, 0.0625, 0.625, 0.0]",0.5990962386131287,0.010796552523970604,0.012320338748395443,0.021369604393839836,-0.0367414727807045,0.27996549010276794,0.09688198566436768,0.49575382471084595,0.5879956483840942,0.04533645510673523,0.5036754012107849,0.6397072076797485,0.04516715183854103,0.48397475481033325,0.059334222227334976,-0.002269238233566284,0.5879956483840942,0.4840102195739746,0.05337825417518616,"[0.47505131363868713, 0.48638680577278137, 0.49638867378234863, 0.4780721664428711]","[0.09855429828166962, 0.03418037295341492, 0.039524685591459274, 0.04118502885103226]",0.45901238918304443,1.0230000019073486,0.2888863682746887,-0.007648254279047251,0.25995180010795593,0.34375,0.25,0.40625,0.0625,0.07728122174739838,0.001
198943,233,4.510589361190796,True,23,6,4,0,False,0,32,1.1048543453216553,1.307941198348999,0.34375,"[0.1875, 0.34375, 0.125, 0.34375]",0.9434801340103149,0.012086079455912113,0.01485205814242363,0.0163013506680727,0.017554178833961487,0.04544524475932121,0.040741417557001114,0.4918869137763977,0.6065490245819092,0.04657207429409027,0.5119597315788269,0.6530274152755737,0.050722673535346985,0.4845935106277466,0.04461096227169037,0.3806314468383789,0.62175452709198,0.4845935106277466,0.04242445528507233,"[0.4870878756046295, 0.4949228763580322, 0.4772467315196991, 0.47911661863327026]","[0.04791553318500519, 0.04265318065881729, 0.03842397779226303, 0.048562441021203995]",0.5094410181045532,0.652646005153656,0.057170309126377106,0.0026008947752416134,0.02830779366195202,0.25,0.4375,0.3125,0.0,0.0023088795132935047,0.001
198973,234,4.303973436355591,True,22,6,4,0,False,0,30,1.1982532739639282,1.2930712699890137,0.375,"[0.375, 0.25, 0.09375, 0.28125]",0.9327537417411804,0.01689845137298107,0.019314590841531754,0.018247142434120178,0.002251099795103073,0.07919878512620926,0.04717995971441269,0.5145651698112488,0.6822401285171509,0.06877750903367996,0.514421820640564,0.7225860357284546,0.05607543885707855,0.5034525990486145,0.06444620341062546,0.38015609979629517,0.711077868938446,0.5034525990486145,0.04752712324261665,"[0.5091125965118408, 0.5001872777938843, 0.4929015040397644, 0.5116089582443237]","[0.06348901242017746, 0.06419790536165237, 0.05628165230154991, 0.07394370436668396]",0.516816258430481,1.014690637588501,0.10314937680959702,0.029893677681684494,0.1811363846063614,0.25,0.375,0.375,0.03125,0.006081501021981239,0.001
198997,235,2.9748189449310303,False,17,3,6,0,False,0,24,-1.3000000715255737,1.1883498430252075,0.53125,"[0.53125, 0.125, 0.125, 0.21875]",0.8572131991386414,0.01772114634513855,0.015322543680667877,0.016190815716981888,-0.030842654407024384,0.2661406397819519,0.07736202329397202,0.4846738874912262,0.5676010251045227,0.04294180870056152,0.5035841464996338,0.5545631647109985,0.02802847884595394,0.48116451501846313,0.041579097509384155,0.3638785183429718,0.6060807108879089,0.48116451501846313,0.04219307005405426,"[0.49307766556739807, 0.4723721742630005, 0.48079752922058105, 0.4784107804298401]","[0.0418647862970829, 0.0391656868159771, 0.038967639207839966, 0.045202162116765976]",0.45383119583129883,0.598406195640564,0.26939427852630615,-0.02976737916469574,0.18063345551490784,0.25,0.4375,0.3125,0.03125,0.06956865638494492,0.001
199031,236,4.64123797416687,True,24,6,5,0,False,0,34,1.0816667079925537,1.3466051816940308,0.375,"[0.21875, 0.21875, 0.375, 0.1875]",0.971370279788971,0.010485083796083927,0.012752787210047245,0.013977865688502789,0.024705495685338974,0.09491115808486938,0.04348023608326912,0.49128079414367676,0.65267413854599,0.040142178535461426,0.511322021484375,0.6897261142730713,0.04725560173392296,0.49036452174186707,0.04930386319756508,0.3866312503814697,0.7473785281181335,0.49036452174186707,0.03555119037628174,"[0.49319204688072205, 0.4890865981578827, 0.4951646327972412, 0.48401471972465515]","[0.059737421572208405, 0.045746639370918274, 0.04277442395687103, 0.04891236498951912]",0.5159862637519836,1.0290000438690186,0.10426443815231323,0.026342052966356277,0.18356546759605408,0.28125,0.28125,0.4375,0.03125,0.00933698657900095,0.001
199072,237,6.301637649536133,False,31,5,6,0,False,0,41,-1.0119999647140503,1.0699173212051392,0.4375,"[0.4375, 0.0625, 0.4375, 0.0625]",0.7717822194099426,0.014138826169073582,0.018556687980890274,0.020177865400910378,0.020192839205265045,0.10693076252937317,0.04967304319143295,0.493929386138916,0.5881071090698242,0.03743544593453407,0.5069908499717712,0.5964332818984985,0.04169892519712448,0.48035892844200134,0.051201317459344864,0.08999651670455933,0.5881071090698242,0.48035892844200134,0.05089747533202171,"[0.48980867862701416, 0.46172475814819336, 0.48625481128692627, 0.4836474061012268]","[0.04210129752755165, 0.07460492104291916, 0.03249242901802063, 0.042990390211343765]",0.5141222476959229,1.0871527194976807,0.12214845418930054,0.029044363647699356,0.1970214694738388,0.375,0.3125,0.3125,0.03125,0.011484621092677116,0.001
199100,238,4.548462152481079,False,20,3,6,0,False,0,28,-1.2400000095367432,1.3284968137741089,0.375,"[0.375, 0.28125, 0.15625, 0.1875]",0.9583078622817993,0.014193763956427574,0.01756211742758751,0.014173686504364014,0.007513921707868576,0.044691599905490875,0.03881511092185974,0.4885488450527191,0.589713454246521,0.03751032054424286,0.5041297078132629,0.5982444286346436,0.03693307191133499,0.48172134160995483,0.03657213971018791,0.2671080231666565,0.589713454246521,0.48172134160995483,0.036518070846796036,"[0.48230451345443726, 0.48607155680656433, 0.47826966643333435, 0.4802395701408386]","[0.03766164928674698, 0.030709492042660713, 0.04764215648174286, 0.028527608141303062]",0.4960627853870392,0.5922619700431824,0.048167236149311066,-0.0030256682075560093,0.03101108968257904,0.34375,0.28125,0.375,0.0,0.0019913814030587673,0.001
199146,239,9.998236894607544,True,33,6,5,0,False,0,46,1.0805448293685913,0.9391052722930908,0.65625,"[0.21875, 0.65625, 0.03125, 0.09375]",0.6774212718009949,0.008960691280663013,0.008480730466544628,0.030121950432658195,0.003856547176837921,0.049704741686582565,0.037333469837903976,0.4977697432041168,0.6572269797325134,0.04141499474644661,0.49930062890052795,0.6350225210189819,0.050434935837984085,0.48039573431015015,0.12374365329742432,-0.8501538634300232,0.6572269797325134,0.49367937445640564,0.07280425727367401,"[0.4987223446369171, 0.497978538274765, 0.4859485626220703, 0.4389335811138153]","[0.03460405021905899, 0.041311606764793396, 0.03399882838129997, 0.23706452548503876]",0.5016263127326965,0.6286723017692566,0.05530340224504471,0.0073186676017940044,0.018371187150478363,0.4375,0.375,0.1875,0.0,0.0024082292802631855,0.001
199175,240,4.310826778411865,True,19,6,5,0,False,0,29,1.0715277194976807,1.0751988887786865,0.59375,"[0.59375, 0.21875, 0.0625, 0.125]",0.775592029094696,0.01184798777103424,0.011211404576897621,0.012468582019209862,-0.10259921848773956,0.37827131152153015,0.13069596886634827,0.5113378763198853,0.6161028742790222,0.04610840976238251,0.5159732103347778,0.6634573936462402,0.045771438628435135,0.5070260167121887,0.04722701758146286,0.415058434009552,0.6405439972877502,0.5070260167121887,0.032130636274814606,"[0.5123164653778076, 0.5109211206436157, 0.5033071637153625, 0.501559317111969]","[0.04363992437720299, 0.051938459277153015, 0.042787667363882065, 0.05113610252737999]",0.4087386727333069,0.5708544850349426,0.3750115633010864,-0.06671904027462006,0.2495986521244049,0.34375,0.28125,0.375,0.0625,0.149144247174263,0.001
199199,241,5.322416067123413,False,17,3,6,0,False,0,24,-1.2910001277923584,1.1379523277282715,0.5625,"[0.5625, 0.21875, 0.09375, 0.125]",0.8208590745925903,0.015398328192532063,0.014914794825017452,0.021438146010041237,0.025701548904180527,0.09362897276878357,0.04427902773022652,0.48512887954711914,0.5665040612220764,0.033528804779052734,0.5108543634414673,0.5783300399780273,0.03089526854455471,0.4782920181751251,0.045174166560173035,0.2218995988368988,0.5928597450256348,0.4782920181751251,0.05539902299642563,"[0.48291149735450745, 0.480530709028244, 0.48131245374679565, 0.46841347217559814]","[0.05921914428472519, 0.04888024926185608, 0.033489126712083817, 0.03471667692065239]",0.5108304619789124,1.031999945640564,0.1037411317229271,0.022336119785904884,0.18611210584640503,0.28125,0.21875,0.5,0.03125,0.009153004735708237,0.001
199248,242,11.881375074386597,False,39,5,6,0,False,0,49,-1.0709999799728394,0.9045859575271606,0.65625,"[0.65625, 0.0625, 0.03125, 0.25]",0.6525208353996277,0.016689471900463104,0.014508074149489403,0.019949372857809067,0.010919216088950634,0.0543966107070446,0.043997619301080704,0.4875914752483368,0.6215288639068604,0.047505319118499756,0.5049278140068054,0.636059045791626,0.037832777947187424,0.4835559129714966,0.045261360704898834,0.3842424750328064,0.6621819138526917,0.4835559129714966,0.05198589712381363,"[0.49707770347595215, 0.476787805557251, 0.4765218496322632, 0.48383623361587524]","[0.04663500189781189, 0.04395487904548645, 0.032857805490493774, 0.05402727052569389]",0.4985107183456421,0.6219245791435242,0.04637502133846283,-0.0013678137911483645,0.028827328234910965,0.09375,0.5,0.40625,0.0,0.0029857519548386335,0.001
199301,243,18.80526304244995,True,44,6,4,0,False,0,53,1.1549999713897705,0.6853141784667969,0.5625,"[0.0, 0.0, 0.5625, 0.4375]",0.4943496882915497,0.021701999008655548,0.03634507581591606,0.02675371989607811,0.06708740442991257,0.18769244849681854,0.11486515402793884,0.49735286831855774,0.7773447036743164,0.07383736968040466,0.5005813837051392,0.7074205875396729,0.06460314244031906,0.48409420251846313,0.059462275356054306,0.1964489370584488,0.7773447036743164,0.48409420251846313,0.06897034496068954,"[0.4778972864151001, 0.4583541750907898, 0.49466395378112793, 0.5054613351821899]","[0.04368691146373749, 0.038957543671131134, 0.038741376250982285, 0.09081807732582092]",0.5644402503967285,1.0902527570724487,0.21320904791355133,0.15744906663894653,0.38364526629447937,0.3125,0.40625,0.28125,0.15625,0.03862828388810158,0.001
199334,244,5.327146053314209,True,23,6,6,0,False,0,33,1.0,1.0656468868255615,0.625,"[0.125, 0.09375, 0.15625, 0.625]",0.7687017321586609,0.01715390384197235,0.01788484677672386,0.016347315162420273,0.007101815193891525,0.04979516193270683,0.03933899849653244,0.5079941749572754,0.6633563041687012,0.050269726663827896,0.5117027759552002,0.6270098686218262,0.04753544181585312,0.49917662143707275,0.044937483966350555,0.40791258215904236,0.6633563041687012,0.49917662143707275,0.04349157214164734,"[0.4980463981628418, 0.491625040769577, 0.49682432413101196, 0.5102106332778931]","[0.04163246601819992, 0.04140118137001991, 0.036223914474248886, 0.05763564631342888]",0.5150960087776184,0.6223458051681519,0.052977435290813446,0.008510244078934193,0.032419510185718536,0.21875,0.5625,0.21875,0.0,0.00245250784792006,0.001
199380,245,9.682388544082642,False,37,5,6,0,False,0,46,-1.0679999589920044,1.1666758060455322,0.5,"[0.28125, 0.5, 0.0625, 0.15625]",0.8415787220001221,0.014438346028327942,0.01652374304831028,0.014350048266351223,0.027275055646896362,0.10357899963855743,0.054055582731962204,0.49722743034362793,0.6129392385482788,0.033146679401397705,0.5050700306892395,0.617356538772583,0.04212971776723862,0.4923855662345886,0.03001479245722294,0.41343823075294495,0.6129392385482788,0.4923855662345886,0.0378083735704422,"[0.5003945827484131, 0.4856351315975189, 0.48743563890457153, 0.49607691168785095]","[0.03428517282009125, 0.025623343884944916, 0.02449633739888668, 0.033256955444812775]",0.5245025157928467,1.0499999523162842,0.10770367085933685,0.04133407399058342,0.1856500506401062,0.46875,0.375,0.15625,0.03125,0.01113726757466793,0.001
199404,246,3.150486707687378,True,16,6,3,0,False,0,24,1.2346667051315308,1.2517155408859253,0.46875,"[0.125, 0.46875, 0.15625, 0.25]",0.9029219150543213,0.009601956233382225,0.013258778490126133,0.01314888522028923,-0.030386265367269516,0.27072674036026,0.08353892713785172,0.49971577525138855,0.6600049734115601,0.04966937378048897,0.5193118453025818,0.7094323635101318,0.05758035555481911,0.4950594902038574,0.04935288056731224,0.3662238121032715,0.68039870262146,0.4950594902038574,0.03408241644501686,"[0.4956373870372772, 0.4939427375793457, 0.4946272373199463, 0.4960305690765381]","[0.047696925699710846, 0.049933336675167084, 0.05301617085933685, 0.04895602539181709]",0.4693295359611511,0.6899070739746094,0.27228033542633057,-0.029146317392587662,0.17677243053913116,0.375,0.3125,0.3125,0.03125,0.07192587852478027,0.001
199433,247,4.1063010692596436,True,19,6,5,0,False,0,29,1.0641379356384277,1.1644492149353027,0.53125,"[0.09375, 0.53125, 0.25, 0.125]",0.8399725556373596,0.011650530621409416,0.009614112786948681,0.014002738520503044,0.01874435506761074,0.0448291040956974,0.03367236256599426,0.4707619249820709,0.5550003051757812,0.03634132072329521,0.49354857206344604,0.5724011063575745,0.035742707550525665,0.4730094075202942,0.0363781712949276,0.39032691717147827,0.5779507756233215,0.4730094075202942,0.03616032749414444,"[0.4716687798500061, 0.4779992401599884, 0.47873014211654663, 0.463639497756958]","[0.03495592623949051, 0.03820857033133507, 0.03708378225564957, 0.03482194244861603]",0.4895063042640686,0.5899878740310669,0.04468308016657829,0.0008931931224651635,0.0297982357442379,0.3125,0.3125,0.375,0.0,0.0022981977090239525,0.001
199464,248,4.187063217163086,False,21,5,6,0,False,0,31,-1.0240000486373901,1.137952208518982,0.5625,"[0.09375, 0.5625, 0.125, 0.21875]",0.8208590149879456,0.012016640044748783,0.015399967320263386,0.01630624197423458,0.01990356668829918,0.05030033737421036,0.04405296966433525,0.48790812492370605,0.5713220834732056,0.03576257824897766,0.5034610033035278,0.6108646988868713,0.035379230976104736,0.481191486120224,0.044707853347063065,0.149876207113266,0.5746756792068481,0.481191486120224,0.040983930230140686,"[0.482119619846344, 0.48641514778137207, 0.46858441829681396, 0.4876467287540436]","[0.035966984927654266, 0.03344736620783806, 0.06482679396867752, 0.03657323867082596]",0.5078116655349731,0.6414483785629272,0.045330677181482315,0.009385243989527225,0.022133979946374893,0.28125,0.5,0.21875,0.0,0.0028472095727920532,0.001
199496,249,4.494287014007568,False,23,4,6,0,False,0,32,-1.2000000476837158,1.0486456155776978,0.5625,"[0.03125, 0.28125, 0.125, 0.5625]",0.7564378976821899,0.017812779173254967,0.021543437615036964,0.020455772057175636,0.02001962997019291,0.059740688651800156,0.05333081632852554,0.4760201573371887,0.6319594979286194,0.055101074278354645,0.4909110963344574,0.5457848310470581,0.036933112889528275,0.4620104730129242,0.06660079210996628,-0.08677366375923157,0.6319594979286194,0.46336629986763,0.0519074983894825,"[0.44070714712142944, 0.4694434404373169, 0.4649229049682617, 0.47296828031539917]","[0.10405851155519485, 0.054633427411317825, 0.04071391001343727, 0.045200757682323456]",0.4960397481918335,0.6073240637779236,0.05837929993867874,0.010037804022431374,0.036922018975019455,0.15625,0.46875,0.375,0.0,0.0038582058623433113,0.001
199538,250,6.825615644454956,False,32,5,6,0,False,0,42,-1.0389999151229858,1.0059736967086792,0.625,"[0.03125, 0.15625, 0.1875, 0.625]",0.7256566286087036,0.010881529189646244,0.012834263034164906,0.015136354602873325,0.004742655903100967,0.04542497918009758,0.03488919138908386,0.4853229224681854,0.5268069505691528,0.03200918063521385,0.49683672189712524,0.5658516883850098,0.03291590139269829,0.4818721413612366,0.0355517715215683,0.38040903210639954,0.5908589959144592,0.4818721413612366,0.038457244634628296,"[0.4694814682006836, 0.48168128728866577, 0.48905500769615173, 0.48727089166641235]","[0.03589751198887825, 0.030759485438466072, 0.029171761125326157, 0.043016210198402405]",0.4900655746459961,0.5601931810379028,0.03717528283596039,-0.001802768325433135,0.019133346155285835,0.40625,0.21875,0.375,0.0,0.0020214393734931946,0.001
199605,251,17.48421883583069,False,60,2,6,0,False,0,67,-1.3910000324249268,1.2677202224731445,0.46875,"[0.15625, 0.21875, 0.15625, 0.46875]",0.9144668579101562,0.006494213826954365,0.01369035430252552,0.013373520225286484,0.008798998780548573,0.050186362117528915,0.037558216601610184,0.495777428150177,0.6337605714797974,0.03774852305650711,0.5095849633216858,0.6236649751663208,0.04513115808367729,0.4924311637878418,0.03862360119819641,0.3921545743942261,0.6337605714797974,0.4924311637878418,0.033500008285045624,"[0.49455058574676514, 0.49552345275878906, 0.49681568145751953, 0.4828348457813263]","[0.03462556004524231, 0.04325588047504425, 0.03379543870687485, 0.04207080602645874]",0.5045764446258545,0.6174283027648926,0.048421990126371384,8.731655543670058e-05,0.018887439742684364,0.4375,0.28125,0.28125,0.0,0.0025173851754516363,0.001
199645,252,6.2089316844940186,True,28,6,3,0,False,0,40,1.2775168418884277,1.2517155408859253,0.46875,"[0.125, 0.15625, 0.25, 0.46875]",0.9029219150543213,0.012735138647258282,0.011433044448494911,0.013397903181612492,-0.02476373314857483,0.27465754747390747,0.08576759696006775,0.4741404354572296,0.5687986612319946,0.035917624831199646,0.5009940266609192,0.6554439067840576,0.048607900738716125,0.47376108169555664,0.03921583294868469,0.38760679960250854,0.6546525359153748,0.47376108169555664,0.03520771116018295,"[0.4727643132209778, 0.4704812169075012, 0.47528761625289917, 0.4765111207962036]","[0.03856196627020836, 0.031878259032964706, 0.03517550975084305, 0.05037306994199753]",0.4493767023086548,0.6928894519805908,0.27691885828971863,-0.030582159757614136,0.18518266081809998,0.34375,0.375,0.28125,0.03125,0.07369261234998703,0.001
199676,253,4.225242853164673,False,20,5,6,0,False,0,31,-1.0440000295639038,1.214823842048645,0.5,"[0.5, 0.09375, 0.21875, 0.1875]",0.8763101696968079,0.010219085961580276,0.016066351905465126,0.01609455980360508,-0.02171071618795395,0.2942929267883301,0.09943830221891403,0.4818865656852722,0.5910558700561523,0.043522004038095474,0.4990321397781372,0.5960312485694885,0.048553675413131714,0.4740758240222931,0.04152272269129753,0.30894020199775696,0.5910558700561523,0.4740758240222931,0.040287718176841736,"[0.47677505016326904, 0.4650135636329651, 0.47907984256744385, 0.4754350185394287]","[0.04546784982085228, 0.025268863886594772, 0.03733355924487114, 0.05332647264003754]",0.4601758122444153,1.0210000276565552,0.29446956515312195,-0.0011312663555145264,0.26317840814590454,0.25,0.375,0.375,0.0625,0.08437317609786987,0.001
199707,254,5.507208347320557,True,21,6,6,0,False,0,31,1.0,1.3261475563049316,0.40625,"[0.1875, 0.1875, 0.21875, 0.40625]",0.9566132426261902,0.012232374399900436,0.010785075835883617,0.015271668322384357,0.05920867621898651,0.2074686884880066,0.07927744090557098,0.4827623665332794,0.5842462182044983,0.04144033044576645,0.4938954710960388,0.5547052025794983,0.03516280651092529,0.473532110452652,0.04161166772246361,0.3239973187446594,0.5842462182044983,0.473532110452652,0.03922274336218834,"[0.47745466232299805, 0.46766090393066406, 0.4744771718978882, 0.4745357632637024]","[0.04431824013590813, 0.04225678741931915, 0.04637771099805832, 0.03375837951898575]",0.5419710278511047,1.5676827430725098,0.21563225984573364,0.0681549534201622,0.2584754526615143,0.3125,0.3125,0.375,0.03125,0.04520381614565849,0.001
199739,255,5.473598003387451,True,19,6,4,0,False,0,32,1.153133511543274,1.0609581470489502,0.5,"[0.5, 0.375, 0.0625, 0.0625]",0.7653195261955261,0.019307654350996017,0.02351662889122963,0.02069173753261566,-0.0393717959523201,0.25582823157310486,0.07477834820747375,0.4736170768737793,0.5512785911560059,0.038819000124931335,0.4852449595928192,0.5760190486907959,0.03779882565140724,0.4729294180870056,0.04333272576332092,0.37581533193588257,0.6915218830108643,0.4729294180870056,0.052066877484321594,"[0.4842112064361572, 0.48372530937194824, 0.4689601957798004, 0.454820841550827]","[0.03892728313803673, 0.050132203847169876, 0.033225495368242264, 0.044200148433446884]",0.4342452585697174,0.6105934381484985,0.2688097655773163,-0.03201274946331978,0.18146011233329773,0.28125,0.34375,0.375,0.03125,0.06495296955108643,0.001
199778,256,6.114657402038574,False,31,3,6,0,False,0,39,-1.2109999656677246,0.7431098818778992,0.71875,"[0.71875, 0.21875, 0.0, 0.0625]",0.5360404849052429,0.01625259406864643,0.013994574546813965,0.019695987924933434,0.017564360052347183,0.04436960071325302,0.038527291268110275,0.4835585057735443,0.5474845170974731,0.032437920570373535,0.5016593933105469,0.5774545073509216,0.02750362642109394,0.47646263241767883,0.03633354976773262,0.35855865478515625,0.5518531203269958,0.47646263241767883,0.051596980541944504,"[0.4943999648094177, 0.4823620319366455, 0.4637486934661865, 0.4653400480747223]","[0.029932664707303047, 0.03430914133787155, 0.029508592560887337, 0.04244773089885712]",0.5011228322982788,0.5741607546806335,0.03923517465591431,0.004480046685785055,0.02773766592144966,0.34375,0.375,0.28125,0.0,0.0022156473714858294,0.001
199793,257,1.6841027736663818,True,9,6,1,0,False,0,15,1.4727272987365723,1.1494773626327515,0.5625,"[0.15625, 0.1875, 0.09375, 0.5625]",0.829172670841217,0.01558783371001482,0.016054118052124977,0.023423032835125923,-0.040083952248096466,0.2791544795036316,0.08704188466072083,0.49221962690353394,0.5580214858055115,0.030834734439849854,0.501878023147583,0.5732347965240479,0.03813868761062622,0.48006361722946167,0.04943064600229263,0.07568740844726562,0.5580214858055115,0.48006361722946167,0.059339866042137146,"[0.4868282079696655, 0.4915379285812378, 0.46316105127334595, 0.4787270724773407]","[0.037317223846912384, 0.026612695306539536, 0.07527711242437363, 0.041984036564826965]",0.45213568210601807,0.5675024390220642,0.2813955843448639,-0.03055923618376255,0.19118596613407135,0.40625,0.375,0.21875,0.03125,0.07709871977567673,0.001
199840,258,7.954425096511841,False,37,5,6,0,False,0,47,-1.0420000553131104,1.2820461988449097,0.4375,"[0.25, 0.1875, 0.125, 0.4375]",0.9248008728027344,0.015267588198184967,0.017897676676511765,0.015370327979326248,-0.023387093096971512,0.278754860162735,0.08689077198505402,0.4828593134880066,0.6320325136184692,0.045744940638542175,0.5047863721847534,0.6340298652648926,0.040894389152526855,0.4780627191066742,0.0405849851667881,0.3865410387516022,0.6572656631469727,0.4780627191066742,0.0400870144367218,"[0.4847295880317688, 0.475402295589447, 0.4749317169189453, 0.47718721628189087]","[0.0464053750038147, 0.033366236835718155, 0.041408661752939224, 0.041260458528995514]",0.4594722092151642,0.6706559658050537,0.279109388589859,-0.02502567507326603,0.18794162571430206,0.1875,0.5,0.3125,0.03125,0.07582296431064606,0.001
199867,259,3.5060696601867676,True,19,6,4,0,False,0,27,1.2000000476837158,1.1856865882873535,0.53125,"[0.1875, 0.09375, 0.1875, 0.53125]",0.8552920818328857,0.010346769355237484,0.014934120699763298,0.012549418956041336,0.011641981080174446,0.042055487632751465,0.036267198622226715,0.4887423813343048,0.5832697749137878,0.03779924660921097,0.5038841962814331,0.5896033644676208,0.03522239252924919,0.48891764879226685,0.03680320456624031,0.39947062730789185,0.6166796684265137,0.48891764879226685,0.03271467983722687,"[0.4924675226211548, 0.4813729226589203, 0.49502989649772644, 0.48680028319358826]","[0.03359218314290047, 0.031126443296670914, 0.03616701066493988, 0.04504086822271347]",0.5003843903541565,0.5993798971176147,0.04313815012574196,0.001539063872769475,0.024881528690457344,0.3125,0.40625,0.28125,0.0,0.001848928863182664,0.001
199904,260,5.383325815200806,False,28,4,6,0,False,0,37,-1.1999999284744263,1.187786340713501,0.40625,"[0.03125, 0.40625, 0.28125, 0.28125]",0.856806755065918,0.015435800887644291,0.023009704425930977,0.015259869396686554,-0.030557453632354736,0.26689469814300537,0.08577089756727219,0.4953875243663788,0.6919683218002319,0.056755758821964264,0.5106237530708313,0.6096742153167725,0.046537745743989944,0.49226438999176025,0.05179493501782417,0.40674927830696106,0.6919683218002319,0.49226438999176025,0.03873014077544212,"[0.4834662079811096, 0.4922122061252594, 0.4953707456588745, 0.4980084300041199]","[0.049750104546546936, 0.04521632194519043, 0.046128857880830765, 0.06495454162359238]",0.4648301303386688,0.6035774946212769,0.27008581161499023,-0.025200530886650085,0.17789776623249054,0.25,0.40625,0.34375,0.03125,0.06994051486253738,0.001
199937,261,5.99606728553772,True,23,6,5,0,False,0,33,1.100000023841858,1.2965141534805298,0.40625,"[0.125, 0.40625, 0.28125, 0.1875]",0.9352372884750366,0.01577945239841938,0.01627296581864357,0.01909559965133667,-0.04341410472989082,0.25672662258148193,0.07124191522598267,0.4929902255535126,0.6474142670631409,0.055012382566928864,0.49903860688209534,0.6158661842346191,0.041904766112565994,0.4853876531124115,0.053214795887470245,0.30240321159362793,0.6474142670631409,0.4853876531124115,0.050142426043748856,"[0.48934251070022583, 0.4812268316745758, 0.4911305606365204, 0.4798505902290344]","[0.052785180509090424, 0.058760542422533035, 0.05577200651168823, 0.04638966917991638]",0.44957610964775085,0.6073240637779236,0.2802313268184662,-0.030674539506435394,0.1900368183851242,0.3125,0.25,0.4375,0.03125,0.06573370099067688,0.001
199965,262,4.949574708938599,True,19,6,4,0,False,0,28,1.1999999284744263,1.2238984107971191,0.46875,"[0.09375, 0.46875, 0.28125, 0.15625]",0.8828560709953308,0.017891477793455124,0.020655106753110886,0.020954318344593048,0.017363134771585464,0.047999802976846695,0.03410916030406952,0.4827730655670166,0.606896162033081,0.04539690911769867,0.4971376657485962,0.6340298652648926,0.04395788162946701,0.47189778089523315,0.04974568635225296,0.24800418317317963,0.606896162033081,0.47189778089523315,0.054903946816921234,"[0.47487232089042664, 0.4664972424507141, 0.48408597707748413, 0.46213531494140625]","[0.04567842558026314, 0.05808224901556969, 0.04185260459780693, 0.051335565745830536]",0.5001361966133118,0.6706559658050537,0.06043484807014465,0.007969888858497143,0.03400646150112152,0.1875,0.5625,0.25,0.0,0.002533460035920143,0.001
199993,263,3.6969518661499023,True,18,6,5,0,False,0,28,1.0804877281188965,1.2156035900115967,0.40625,"[0.09375, 0.40625, 0.375, 0.125]",0.8768726587295532,0.01449484471231699,0.01790153793990612,0.01560247503221035,0.008678869344294071,0.04318985715508461,0.031419940292835236,0.484006404876709,0.5762108564376831,0.03997908532619476,0.502200722694397,0.6350225210189819,0.03991071134805679,0.48023226857185364,0.03993174806237221,0.39843642711639404,0.6021884083747864,0.48023226857185364,0.04080401733517647,"[0.4784002900123596, 0.48477134108543396, 0.4838000535964966, 0.4739574193954468]","[0.0386110283434391, 0.040740903466939926, 0.03693244606256485, 0.04403788596391678]",0.4926852583885193,0.6696911454200745,0.051406435668468475,-0.004493460990488529,0.026838993653655052,0.15625,0.375,0.46875,0.0,0.001882394077256322,0.001
